﻿{"data":[{"Properties":{"domain":"HTB.LOCAL","name":"WMIPOLICY@HTB.LOCAL","distinguishedname":"CN=WMIPOLICY,CN=SYSTEM,DC=HTB,DC=LOCAL","domainsid":"S-1-5-21-3072663084-364016917-1341370565","highvalue":false},"ChildObjects":[],"Aces":[{"PrincipalSID":"S-1-5-21-3072663084-364016917-1341370565-512","PrincipalType":"Group","RightName":"Owns","IsInherited":false},{"PrincipalSID":"S-1-5-21-3072663084-364016917-1341370565-512","PrincipalType":"Group","RightName":"GenericAll","IsInherited":false},{"PrincipalSID":"S-1-5-21-3072663084-364016917-1341370565-519","PrincipalType":"Group","RightName":"GenericAll","IsInherited":false}],"ObjectIdentifier":"26B1F31E-F5B6-44E2-A300-E6F90EDC31F7","IsDeleted":false,"IsACLProtected":true},{"Properties":{"domain":"HTB.LOCAL","name":"SOM@HTB.LOCAL","distinguishedname":"CN=SOM,CN=WMIPOLICY,CN=SYSTEM,DC=HTB,DC=LOCAL","domainsid":"S-1-5-21-3072663084-364016917-1341370565","highvalue":false},"ChildObjects":[],"Aces":[{"PrincipalSID":"S-1-5-21-3072663084-364016917-1341370565-512","PrincipalType":"Group","RightName":"Owns","IsInherited":false},{"PrincipalSID":"S-1-5-21-3072663084-364016917-1341370565-512","PrincipalType":"Group","RightName":"GenericAll","IsInherited":false},{"PrincipalSID":"S-1-5-21-3072663084-364016917-1341370565-519","PrincipalType":"Group","RightName":"GenericAll","IsInherited":false}],"ObjectIdentifier":"1E240704-6009-4EA6-BBB3-6A0F0CF0ABD1","IsDeleted":false,"IsACLProtected":true},{"Properties":{"domain":"HTB.LOCAL","name":"WMIGPO@HTB.LOCAL","distinguishedname":"CN=WMIGPO,CN=WMIPOLICY,CN=SYSTEM,DC=HTB,DC=LOCAL","domainsid":"S-1-5-21-3072663084-364016917-1341370565","highvalue":false},"ChildObjects":[],"Aces":[{"PrincipalSID":"S-1-5-21-3072663084-364016917-1341370565-512","PrincipalType":"Group","RightName":"Owns","IsInherited":false},{"PrincipalSID":"S-1-5-21-3072663084-364016917-1341370565-512","PrincipalType":"Group","RightName":"WriteDacl","IsInherited":false},{"PrincipalSID":"S-1-5-21-3072663084-364016917-1341370565-512","PrincipalType":"Group","RightName":"WriteOwner","IsInherited":false},{"PrincipalSID":"S-1-5-21-3072663084-364016917-1341370565-519","PrincipalType":"Group","RightName":"GenericAll","IsInherited":true},{"PrincipalSID":"S-1-5-21-3072663084-364016917-1341370565-512","PrincipalType":"Group","RightName":"GenericAll","IsInherited":true}],"ObjectIdentifier":"5993A36B-1481-46E0-B92E-9DD3D101BC7D","IsDeleted":false,"IsACLProtected":false},{"Properties":{"domain":"HTB.LOCAL","name":"POLICYTEMPLATE@HTB.LOCAL","distinguishedname":"CN=POLICYTEMPLATE,CN=WMIPOLICY,CN=SYSTEM,DC=HTB,DC=LOCAL","domainsid":"S-1-5-21-3072663084-364016917-1341370565","highvalue":false},"ChildObjects":[],"Aces":[{"PrincipalSID":"S-1-5-21-3072663084-364016917-1341370565-512","PrincipalType":"Group","RightName":"Owns","IsInherited":false},{"PrincipalSID":"S-1-5-21-3072663084-364016917-1341370565-512","PrincipalType":"Group","RightName":"WriteDacl","IsInherited":false},{"PrincipalSID":"S-1-5-21-3072663084-364016917-1341370565-512","PrincipalType":"Group","RightName":"WriteOwner","IsInherited":false},{"PrincipalSID":"S-1-5-21-3072663084-364016917-1341370565-519","PrincipalType":"Group","RightName":"GenericAll","IsInherited":true},{"PrincipalSID":"S-1-5-21-3072663084-364016917-1341370565-512","PrincipalType":"Group","RightName":"GenericAll","IsInherited":true}],"ObjectIdentifier":"0F22C4EA-64BD-4FB4-9808-AFB82EF08FF1","IsDeleted":false,"IsACLProtected":false},{"Properties":{"domain":"HTB.LOCAL","name":"POLICYTYPE@HTB.LOCAL","distinguishedname":"CN=POLICYTYPE,CN=WMIPOLICY,CN=SYSTEM,DC=HTB,DC=LOCAL","domainsid":"S-1-5-21-3072663084-364016917-1341370565","highvalue":false},"ChildObjects":[],"Aces":[{"PrincipalSID":"S-1-5-21-3072663084-364016917-1341370565-512","PrincipalType":"Group","RightName":"Owns","IsInherited":false},{"PrincipalSID":"S-1-5-21-3072663084-364016917-1341370565-512","PrincipalType":"Group","RightName":"WriteDacl","IsInherited":false},{"PrincipalSID":"S-1-5-21-3072663084-364016917-1341370565-512","PrincipalType":"Group","RightName":"WriteOwner","IsInherited":false},{"PrincipalSID":"S-1-5-21-3072663084-364016917-1341370565-519","PrincipalType":"Group","RightName":"GenericAll","IsInherited":true},{"PrincipalSID":"S-1-5-21-3072663084-364016917-1341370565-512","PrincipalType":"Group","RightName":"GenericAll","IsInherited":true}],"ObjectIdentifier":"86899F73-D4E3-439E-B813-93F12FB2919A","IsDeleted":false,"IsACLProtected":false},{"Properties":{"domain":"HTB.LOCAL","name":"MEETINGS@HTB.LOCAL","distinguishedname":"CN=MEETINGS,CN=SYSTEM,DC=HTB,DC=LOCAL","domainsid":"S-1-5-21-3072663084-364016917-1341370565","highvalue":false},"ChildObjects":[],"Aces":[{"PrincipalSID":"S-1-5-21-3072663084-364016917-1341370565-512","PrincipalType":"Group","RightName":"Owns","IsInherited":false},{"PrincipalSID":"S-1-5-21-3072663084-364016917-1341370565-512","PrincipalType":"Group","RightName":"WriteDacl","IsInherited":false},{"PrincipalSID":"S-1-5-21-3072663084-364016917-1341370565-512","PrincipalType":"Group","RightName":"WriteOwner","IsInherited":false},{"PrincipalSID":"S-1-5-21-3072663084-364016917-1341370565-519","PrincipalType":"Group","RightName":"GenericAll","IsInherited":true},{"PrincipalSID":"HTB.LOCAL-S-1-5-32-544","PrincipalType":"Group","RightName":"WriteDacl","IsInherited":true},{"PrincipalSID":"HTB.LOCAL-S-1-5-32-544","PrincipalType":"Group","RightName":"WriteOwner","IsInherited":true}],"ObjectIdentifier":"E58416FF-2322-4DE2-A817-6DD49BDBA7BC","IsDeleted":false,"IsACLProtected":false},{"Properties":{"domain":"HTB.LOCAL","name":"RAS AND IAS SERVERS ACCESS CHECK@HTB.LOCAL","distinguishedname":"CN=RAS AND IAS SERVERS ACCESS CHECK,CN=SYSTEM,DC=HTB,DC=LOCAL","domainsid":"S-1-5-21-3072663084-364016917-1341370565","highvalue":false},"ChildObjects":[],"Aces":[{"PrincipalSID":"S-1-5-21-3072663084-364016917-1341370565-512","PrincipalType":"Group","RightName":"Owns","IsInherited":false},{"PrincipalSID":"S-1-5-21-3072663084-364016917-1341370565-553","PrincipalType":"Group","RightName":"WriteDacl","IsInherited":false},{"PrincipalSID":"S-1-5-21-3072663084-364016917-1341370565-553","PrincipalType":"Group","RightName":"WriteOwner","IsInherited":false},{"PrincipalSID":"S-1-5-21-3072663084-364016917-1341370565-519","PrincipalType":"Group","RightName":"GenericAll","IsInherited":true},{"PrincipalSID":"HTB.LOCAL-S-1-5-32-544","PrincipalType":"Group","RightName":"WriteDacl","IsInherited":true},{"PrincipalSID":"HTB.LOCAL-S-1-5-32-544","PrincipalType":"Group","RightName":"WriteOwner","IsInherited":true}],"ObjectIdentifier":"DF4B842B-DC42-4F09-AA4C-8F7F9AB84943","IsDeleted":false,"IsACLProtected":false},{"Properties":{"domain":"HTB.LOCAL","name":"MICROSOFT@HTB.LOCAL","distinguishedname":"CN=MICROSOFT,CN=PROGRAM DATA,DC=HTB,DC=LOCAL","domainsid":"S-1-5-21-3072663084-364016917-1341370565","highvalue":false},"ChildObjects":[],"Aces":[{"PrincipalSID":"S-1-5-21-3072663084-364016917-1341370565-512","PrincipalType":"Group","RightName":"Owns","IsInherited":false},{"PrincipalSID":"S-1-5-21-3072663084-364016917-1341370565-512","PrincipalType":"Group","RightName":"GenericAll","IsInherited":false},{"PrincipalSID":"S-1-5-21-3072663084-364016917-1341370565-519","PrincipalType":"Group","RightName":"GenericAll","IsInherited":true},{"PrincipalSID":"HTB.LOCAL-S-1-5-32-544","PrincipalType":"Group","RightName":"WriteDacl","IsInherited":true},{"PrincipalSID":"HTB.LOCAL-S-1-5-32-544","PrincipalType":"Group","RightName":"WriteOwner","IsInherited":true}],"ObjectIdentifier":"430E1245-CE94-4724-A37E-32B7816F8890","IsDeleted":false,"IsACLProtected":false},{"Properties":{"domain":"HTB.LOCAL","name":"COMPUTERS@HTB.LOCAL","distinguishedname":"CN=COMPUTERS,DC=HTB,DC=LOCAL","domainsid":"S-1-5-21-3072663084-364016917-1341370565","highvalue":false},"ChildObjects":[{"ObjectIdentifier":"S-1-5-21-3072663084-364016917-1341370565-1103","ObjectType":"Computer"}],"Aces":[{"PrincipalSID":"S-1-5-21-3072663084-364016917-1341370565-512","PrincipalType":"Group","RightName":"Owns","IsInherited":false},{"PrincipalSID":"S-1-5-21-3072663084-364016917-1341370565-512","PrincipalType":"Group","RightName":"WriteDacl","IsInherited":false},{"PrincipalSID":"S-1-5-21-3072663084-364016917-1341370565-512","PrincipalType":"Group","RightName":"WriteOwner","IsInherited":false},{"PrincipalSID":"S-1-5-21-3072663084-364016917-1341370565-519","PrincipalType":"Group","RightName":"GenericAll","IsInherited":true},{"PrincipalSID":"HTB.LOCAL-S-1-5-32-544","PrincipalType":"Group","RightName":"WriteDacl","IsInherited":true},{"PrincipalSID":"HTB.LOCAL-S-1-5-32-544","PrincipalType":"Group","RightName":"WriteOwner","IsInherited":true}],"ObjectIdentifier":"5B37DC0C-D47D-460C-A9CA-922785B235ED","IsDeleted":false,"IsACLProtected":false},{"Properties":{"domain":"HTB.LOCAL","name":"MICROSOFT EXCHANGE SYSTEM OBJECTS@HTB.LOCAL","distinguishedname":"CN=MICROSOFT EXCHANGE SYSTEM OBJECTS,DC=HTB,DC=LOCAL","domainsid":"S-1-5-21-3072663084-364016917-1341370565","highvalue":false},"ChildObjects":[{"ObjectIdentifier":"S-1-5-21-3072663084-364016917-1341370565-1133","ObjectType":"Group"},{"ObjectIdentifier":"4CD1F084-CCB4-4AF6-8CBF-275C80FE805E","ObjectType":"Container"}],"Aces":[{"PrincipalSID":"S-1-5-21-3072663084-364016917-1341370565-512","PrincipalType":"Group","RightName":"Owns","IsInherited":false},{"PrincipalSID":"S-1-5-21-3072663084-364016917-1341370565-519","PrincipalType":"Group","RightName":"GenericAll","IsInherited":true},{"PrincipalSID":"HTB.LOCAL-S-1-5-32-544","PrincipalType":"Group","RightName":"WriteDacl","IsInherited":true},{"PrincipalSID":"HTB.LOCAL-S-1-5-32-544","PrincipalType":"Group","RightName":"WriteOwner","IsInherited":true}],"ObjectIdentifier":"283D7C3E-0FB9-48CE-B2B2-6730D1B60986","IsDeleted":false,"IsACLProtected":false},{"Properties":{"domain":"HTB.LOCAL","name":"WINSOCKSERVICES@HTB.LOCAL","distinguishedname":"CN=WINSOCKSERVICES,CN=SYSTEM,DC=HTB,DC=LOCAL","domainsid":"S-1-5-21-3072663084-364016917-1341370565","highvalue":false},"ChildObjects":[],"Aces":[{"PrincipalSID":"S-1-5-21-3072663084-364016917-1341370565-512","PrincipalType":"Group","RightName":"Owns","IsInherited":false},{"PrincipalSID":"S-1-5-21-3072663084-364016917-1341370565-512","PrincipalType":"Group","RightName":"WriteDacl","IsInherited":false},{"PrincipalSID":"S-1-5-21-3072663084-364016917-1341370565-512","PrincipalType":"Group","RightName":"WriteOwner","IsInherited":false},{"PrincipalSID":"S-1-5-21-3072663084-364016917-1341370565-519","PrincipalType":"Group","RightName":"GenericAll","IsInherited":true},{"PrincipalSID":"HTB.LOCAL-S-1-5-32-544","PrincipalType":"Group","RightName":"WriteDacl","IsInherited":true},{"PrincipalSID":"HTB.LOCAL-S-1-5-32-544","PrincipalType":"Group","RightName":"WriteOwner","IsInherited":true}],"ObjectIdentifier":"8C2E061B-00AE-42FA-A4FE-9FD92B172F08","IsDeleted":false,"IsACLProtected":false},{"Properties":{"domain":"HTB.LOCAL","name":"PROGRAM DATA@HTB.LOCAL","distinguishedname":"CN=PROGRAM DATA,DC=HTB,DC=LOCAL","domainsid":"S-1-5-21-3072663084-364016917-1341370565","highvalue":false},"ChildObjects":[],"Aces":[{"PrincipalSID":"S-1-5-21-3072663084-364016917-1341370565-512","PrincipalType":"Group","RightName":"Owns","IsInherited":false},{"PrincipalSID":"S-1-5-21-3072663084-364016917-1341370565-512","PrincipalType":"Group","RightName":"GenericAll","IsInherited":false},{"PrincipalSID":"S-1-5-21-3072663084-364016917-1341370565-519","PrincipalType":"Group","RightName":"GenericAll","IsInherited":true},{"PrincipalSID":"HTB.LOCAL-S-1-5-32-544","PrincipalType":"Group","RightName":"WriteDacl","IsInherited":true},{"PrincipalSID":"HTB.LOCAL-S-1-5-32-544","PrincipalType":"Group","RightName":"WriteOwner","IsInherited":true}],"ObjectIdentifier":"1D92BACE-28E5-434D-B0F9-D79A5FFDD984","IsDeleted":false,"IsACLProtected":false},{"Properties":{"domain":"HTB.LOCAL","name":"SYSTEM@HTB.LOCAL","distinguishedname":"CN=SYSTEM,DC=HTB,DC=LOCAL","domainsid":"S-1-5-21-3072663084-364016917-1341370565","highvalue":false},"ChildObjects":[],"Aces":[{"PrincipalSID":"S-1-5-21-3072663084-364016917-1341370565-512","PrincipalType":"Group","RightName":"Owns","IsInherited":false},{"PrincipalSID":"S-1-5-21-3072663084-364016917-1341370565-512","PrincipalType":"Group","RightName":"WriteDacl","IsInherited":false},{"PrincipalSID":"S-1-5-21-3072663084-364016917-1341370565-512","PrincipalType":"Group","RightName":"WriteOwner","IsInherited":false},{"PrincipalSID":"S-1-5-21-3072663084-364016917-1341370565-519","PrincipalType":"Group","RightName":"GenericAll","IsInherited":true},{"PrincipalSID":"HTB.LOCAL-S-1-5-32-544","PrincipalType":"Group","RightName":"WriteDacl","IsInherited":true},{"PrincipalSID":"HTB.LOCAL-S-1-5-32-544","PrincipalType":"Group","RightName":"WriteOwner","IsInherited":true}],"ObjectIdentifier":"67D6AFF2-1C1C-49E7-BB38-347466ED90A0","IsDeleted":false,"IsACLProtected":false},{"Properties":{"domain":"HTB.LOCAL","name":"MANAGED SERVICE ACCOUNTS@HTB.LOCAL","distinguishedname":"CN=MANAGED SERVICE ACCOUNTS,DC=HTB,DC=LOCAL","domainsid":"S-1-5-21-3072663084-364016917-1341370565","highvalue":false},"ChildObjects":[],"Aces":[{"PrincipalSID":"S-1-5-21-3072663084-364016917-1341370565-512","PrincipalType":"Group","RightName":"Owns","IsInherited":false},{"PrincipalSID":"S-1-5-21-3072663084-364016917-1341370565-512","PrincipalType":"Group","RightName":"WriteDacl","IsInherited":false},{"PrincipalSID":"S-1-5-21-3072663084-364016917-1341370565-512","PrincipalType":"Group","RightName":"WriteOwner","IsInherited":false},{"PrincipalSID":"S-1-5-21-3072663084-364016917-1341370565-519","PrincipalType":"Group","RightName":"GenericAll","IsInherited":true},{"PrincipalSID":"HTB.LOCAL-S-1-5-32-544","PrincipalType":"Group","RightName":"WriteDacl","IsInherited":true},{"PrincipalSID":"HTB.LOCAL-S-1-5-32-544","PrincipalType":"Group","RightName":"WriteOwner","IsInherited":true}],"ObjectIdentifier":"7032895E-74F1-498B-9383-782C69206E2F","IsDeleted":false,"IsACLProtected":false},{"Properties":{"domain":"HTB.LOCAL","name":"COMPARTITIONS@HTB.LOCAL","distinguishedname":"CN=COMPARTITIONS,CN=SYSTEM,DC=HTB,DC=LOCAL","domainsid":"S-1-5-21-3072663084-364016917-1341370565","highvalue":false},"ChildObjects":[],"Aces":[{"PrincipalSID":"S-1-5-21-3072663084-364016917-1341370565-512","PrincipalType":"Group","RightName":"Owns","IsInherited":false},{"PrincipalSID":"S-1-5-21-3072663084-364016917-1341370565-512","PrincipalType":"Group","RightName":"WriteDacl","IsInherited":false},{"PrincipalSID":"S-1-5-21-3072663084-364016917-1341370565-512","PrincipalType":"Group","RightName":"WriteOwner","IsInherited":false},{"PrincipalSID":"S-1-5-21-3072663084-364016917-1341370565-519","PrincipalType":"Group","RightName":"GenericAll","IsInherited":true},{"PrincipalSID":"HTB.LOCAL-S-1-5-32-544","PrincipalType":"Group","RightName":"WriteDacl","IsInherited":true},{"PrincipalSID":"HTB.LOCAL-S-1-5-32-544","PrincipalType":"Group","RightName":"WriteOwner","IsInherited":true}],"ObjectIdentifier":"E442CE37-BBB5-43F9-A095-921DE0EBC5DB","IsDeleted":false,"IsACLProtected":false},{"Properties":{"domain":"HTB.LOCAL","name":"RPCSERVICES@HTB.LOCAL","distinguishedname":"CN=RPCSERVICES,CN=SYSTEM,DC=HTB,DC=LOCAL","domainsid":"S-1-5-21-3072663084-364016917-1341370565","highvalue":false},"ChildObjects":[],"Aces":[{"PrincipalSID":"S-1-5-21-3072663084-364016917-1341370565-512","PrincipalType":"Group","RightName":"Owns","IsInherited":false},{"PrincipalSID":"S-1-5-21-3072663084-364016917-1341370565-512","PrincipalType":"Group","RightName":"WriteDacl","IsInherited":false},{"PrincipalSID":"S-1-5-21-3072663084-364016917-1341370565-512","PrincipalType":"Group","RightName":"WriteOwner","IsInherited":false},{"PrincipalSID":"S-1-5-21-3072663084-364016917-1341370565-519","PrincipalType":"Group","RightName":"GenericAll","IsInherited":true},{"PrincipalSID":"HTB.LOCAL-S-1-5-32-544","PrincipalType":"Group","RightName":"WriteDacl","IsInherited":true},{"PrincipalSID":"HTB.LOCAL-S-1-5-32-544","PrincipalType":"Group","RightName":"WriteOwner","IsInherited":true}],"ObjectIdentifier":"4B38EE81-F4CC-4AD7-A8F4-298649A6158B","IsDeleted":false,"IsACLProtected":false},{"Properties":{"domain":"HTB.LOCAL","name":"PSPS@HTB.LOCAL","distinguishedname":"CN=PSPS,CN=SYSTEM,DC=HTB,DC=LOCAL","domainsid":"S-1-5-21-3072663084-364016917-1341370565","highvalue":false},"ChildObjects":[],"Aces":[{"PrincipalSID":"S-1-5-21-3072663084-364016917-1341370565-512","PrincipalType":"Group","RightName":"Owns","IsInherited":false},{"PrincipalSID":"S-1-5-21-3072663084-364016917-1341370565-512","PrincipalType":"Group","RightName":"GenericAll","IsInherited":false},{"PrincipalSID":"S-1-5-21-3072663084-364016917-1341370565-519","PrincipalType":"Group","RightName":"GenericAll","IsInherited":true},{"PrincipalSID":"HTB.LOCAL-S-1-5-32-544","PrincipalType":"Group","RightName":"WriteDacl","IsInherited":true},{"PrincipalSID":"HTB.LOCAL-S-1-5-32-544","PrincipalType":"Group","RightName":"WriteOwner","IsInherited":true}],"ObjectIdentifier":"9E55EEC3-3470-41AC-AC81-48807E9FA2C6","IsDeleted":false,"IsACLProtected":false},{"Properties":{"domain":"HTB.LOCAL","name":"POLICIES@HTB.LOCAL","distinguishedname":"CN=POLICIES,CN=SYSTEM,DC=HTB,DC=LOCAL","domainsid":"S-1-5-21-3072663084-364016917-1341370565","highvalue":false},"ChildObjects":[],"Aces":[{"PrincipalSID":"S-1-5-21-3072663084-364016917-1341370565-512","PrincipalType":"Group","RightName":"Owns","IsInherited":false},{"PrincipalSID":"S-1-5-21-3072663084-364016917-1341370565-512","PrincipalType":"Group","RightName":"WriteDacl","IsInherited":false},{"PrincipalSID":"S-1-5-21-3072663084-364016917-1341370565-512","PrincipalType":"Group","RightName":"WriteOwner","IsInherited":false},{"PrincipalSID":"S-1-5-21-3072663084-364016917-1341370565-519","PrincipalType":"Group","RightName":"GenericAll","IsInherited":true},{"PrincipalSID":"HTB.LOCAL-S-1-5-32-544","PrincipalType":"Group","RightName":"WriteDacl","IsInherited":true},{"PrincipalSID":"HTB.LOCAL-S-1-5-32-544","PrincipalType":"Group","RightName":"WriteOwner","IsInherited":true}],"ObjectIdentifier":"F30BB1E9-71A5-4F84-97C7-EE0EFA60A826","IsDeleted":false,"IsACLProtected":false},{"Properties":{"domain":"HTB.LOCAL","name":"FOREIGNSECURITYPRINCIPALS@HTB.LOCAL","distinguishedname":"CN=FOREIGNSECURITYPRINCIPALS,DC=HTB,DC=LOCAL","domainsid":"S-1-5-21-3072663084-364016917-1341370565","highvalue":false},"ChildObjects":[],"Aces":[{"PrincipalSID":"S-1-5-21-3072663084-364016917-1341370565-512","PrincipalType":"Group","RightName":"Owns","IsInherited":false},{"PrincipalSID":"S-1-5-21-3072663084-364016917-1341370565-512","PrincipalType":"Group","RightName":"GenericAll","IsInherited":false},{"PrincipalSID":"S-1-5-21-3072663084-364016917-1341370565-519","PrincipalType":"Group","RightName":"GenericAll","IsInherited":true},{"PrincipalSID":"HTB.LOCAL-S-1-5-32-544","PrincipalType":"Group","RightName":"WriteDacl","IsInherited":true},{"PrincipalSID":"HTB.LOCAL-S-1-5-32-544","PrincipalType":"Group","RightName":"WriteOwner","IsInherited":true}],"ObjectIdentifier":"A477A65D-F2A1-4E99-A898-19DB9FE9B833","IsDeleted":false,"IsACLProtected":false},{"Properties":{"domain":"HTB.LOCAL","name":"ADMINSDHOLDER@HTB.LOCAL","distinguishedname":"CN=ADMINSDHOLDER,CN=SYSTEM,DC=HTB,DC=LOCAL","domainsid":"S-1-5-21-3072663084-364016917-1341370565","highvalue":false},"ChildObjects":[],"Aces":[{"PrincipalSID":"S-1-5-21-3072663084-364016917-1341370565-512","PrincipalType":"Group","RightName":"Owns","IsInherited":false},{"PrincipalSID":"HTB.LOCAL-S-1-5-32-544","PrincipalType":"Group","RightName":"WriteDacl","IsInherited":false},{"PrincipalSID":"HTB.LOCAL-S-1-5-32-544","PrincipalType":"Group","RightName":"WriteOwner","IsInherited":false},{"PrincipalSID":"S-1-5-21-3072663084-364016917-1341370565-512","PrincipalType":"Group","RightName":"WriteDacl","IsInherited":false},{"PrincipalSID":"S-1-5-21-3072663084-364016917-1341370565-512","PrincipalType":"Group","RightName":"WriteOwner","IsInherited":false},{"PrincipalSID":"S-1-5-21-3072663084-364016917-1341370565-519","PrincipalType":"Group","RightName":"WriteDacl","IsInherited":false},{"PrincipalSID":"S-1-5-21-3072663084-364016917-1341370565-519","PrincipalType":"Group","RightName":"WriteOwner","IsInherited":false}],"ObjectIdentifier":"C38D149F-4CD4-421F-BC1F-4DAE656C30E5","IsDeleted":false,"IsACLProtected":true},{"Properties":{"domain":"HTB.LOCAL","name":"COMPARTITIONSETS@HTB.LOCAL","distinguishedname":"CN=COMPARTITIONSETS,CN=SYSTEM,DC=HTB,DC=LOCAL","domainsid":"S-1-5-21-3072663084-364016917-1341370565","highvalue":false},"ChildObjects":[],"Aces":[{"PrincipalSID":"S-1-5-21-3072663084-364016917-1341370565-512","PrincipalType":"Group","RightName":"Owns","IsInherited":false},{"PrincipalSID":"S-1-5-21-3072663084-364016917-1341370565-512","PrincipalType":"Group","RightName":"WriteDacl","IsInherited":false},{"PrincipalSID":"S-1-5-21-3072663084-364016917-1341370565-512","PrincipalType":"Group","RightName":"WriteOwner","IsInherited":false},{"PrincipalSID":"S-1-5-21-3072663084-364016917-1341370565-519","PrincipalType":"Group","RightName":"GenericAll","IsInherited":true},{"PrincipalSID":"HTB.LOCAL-S-1-5-32-544","PrincipalType":"Group","RightName":"WriteDacl","IsInherited":true},{"PrincipalSID":"HTB.LOCAL-S-1-5-32-544","PrincipalType":"Group","RightName":"WriteOwner","IsInherited":true}],"ObjectIdentifier":"7BA5013D-522A-4B62-8D49-4B0EA247B3E3","IsDeleted":false,"IsACLProtected":false},{"Properties":{"domain":"HTB.LOCAL","name":"MONITORING MAILBOXES@HTB.LOCAL","distinguishedname":"CN=MONITORING MAILBOXES,CN=MICROSOFT EXCHANGE SYSTEM OBJECTS,DC=HTB,DC=LOCAL","domainsid":"S-1-5-21-3072663084-364016917-1341370565","highvalue":false},"ChildObjects":[{"ObjectIdentifier":"S-1-5-21-3072663084-364016917-1341370565-1144","ObjectType":"User"},{"ObjectIdentifier":"S-1-5-21-3072663084-364016917-1341370565-1137","ObjectType":"User"},{"ObjectIdentifier":"S-1-5-21-3072663084-364016917-1341370565-1139","ObjectType":"User"},{"ObjectIdentifier":"S-1-5-21-3072663084-364016917-1341370565-1143","ObjectType":"User"},{"ObjectIdentifier":"S-1-5-21-3072663084-364016917-1341370565-1140","ObjectType":"User"},{"ObjectIdentifier":"S-1-5-21-3072663084-364016917-1341370565-1138","ObjectType":"User"},{"ObjectIdentifier":"S-1-5-21-3072663084-364016917-1341370565-1142","ObjectType":"User"},{"ObjectIdentifier":"S-1-5-21-3072663084-364016917-1341370565-1136","ObjectType":"User"},{"ObjectIdentifier":"S-1-5-21-3072663084-364016917-1341370565-1134","ObjectType":"User"},{"ObjectIdentifier":"S-1-5-21-3072663084-364016917-1341370565-1135","ObjectType":"User"},{"ObjectIdentifier":"S-1-5-21-3072663084-364016917-1341370565-1141","ObjectType":"User"}],"Aces":[{"PrincipalSID":"S-1-5-21-3072663084-364016917-1341370565-512","PrincipalType":"Group","RightName":"Owns","IsInherited":false},{"PrincipalSID":"S-1-5-21-3072663084-364016917-1341370565-512","PrincipalType":"Group","RightName":"GenericAll","IsInherited":false},{"PrincipalSID":"S-1-5-21-3072663084-364016917-1341370565-519","PrincipalType":"Group","RightName":"GenericAll","IsInherited":true},{"PrincipalSID":"HTB.LOCAL-S-1-5-32-544","PrincipalType":"Group","RightName":"WriteDacl","IsInherited":true},{"PrincipalSID":"HTB.LOCAL-S-1-5-32-544","PrincipalType":"Group","RightName":"WriteOwner","IsInherited":true}],"ObjectIdentifier":"4CD1F084-CCB4-4AF6-8CBF-275C80FE805E","IsDeleted":false,"IsACLProtected":false},{"Properties":{"domain":"HTB.LOCAL","name":"USERS@HTB.LOCAL","distinguishedname":"CN=USERS,DC=HTB,DC=LOCAL","domainsid":"S-1-5-21-3072663084-364016917-1341370565","highvalue":false},"ChildObjects":[{"ObjectIdentifier":"S-1-5-21-3072663084-364016917-1341370565-500","ObjectType":"User"},{"ObjectIdentifier":"S-1-5-21-3072663084-364016917-1341370565-571","ObjectType":"Group"},{"ObjectIdentifier":"S-1-5-21-3072663084-364016917-1341370565-517","ObjectType":"Group"},{"ObjectIdentifier":"S-1-5-21-3072663084-364016917-1341370565-522","ObjectType":"Group"},{"ObjectIdentifier":"S-1-5-21-3072663084-364016917-1341370565-503","ObjectType":"User"},{"ObjectIdentifier":"S-1-5-21-3072663084-364016917-1341370565-572","ObjectType":"Group"},{"ObjectIdentifier":"S-1-5-21-3072663084-364016917-1341370565-1127","ObjectType":"User"},{"ObjectIdentifier":"S-1-5-21-3072663084-364016917-1341370565-1101","ObjectType":"Group"},{"ObjectIdentifier":"S-1-5-21-3072663084-364016917-1341370565-1102","ObjectType":"Group"},{"ObjectIdentifier":"S-1-5-21-3072663084-364016917-1341370565-512","ObjectType":"Group"},{"ObjectIdentifier":"S-1-5-21-3072663084-364016917-1341370565-515","ObjectType":"Group"},{"ObjectIdentifier":"S-1-5-21-3072663084-364016917-1341370565-516","ObjectType":"Group"},{"ObjectIdentifier":"S-1-5-21-3072663084-364016917-1341370565-514","ObjectType":"Group"},{"ObjectIdentifier":"S-1-5-21-3072663084-364016917-1341370565-513","ObjectType":"Group"},{"ObjectIdentifier":"S-1-5-21-3072663084-364016917-1341370565-519","ObjectType":"Group"},{"ObjectIdentifier":"S-1-5-21-3072663084-364016917-1341370565-527","ObjectType":"Group"},{"ObjectIdentifier":"S-1-5-21-3072663084-364016917-1341370565-498","ObjectType":"Group"},{"ObjectIdentifier":"S-1-5-21-3072663084-364016917-1341370565-1123","ObjectType":"User"},{"ObjectIdentifier":"S-1-5-21-3072663084-364016917-1341370565-1129","ObjectType":"User"},{"ObjectIdentifier":"S-1-5-21-3072663084-364016917-1341370565-520","ObjectType":"Group"},{"ObjectIdentifier":"S-1-5-21-3072663084-364016917-1341370565-501","ObjectType":"User"},{"ObjectIdentifier":"S-1-5-21-3072663084-364016917-1341370565-526","ObjectType":"Group"},{"ObjectIdentifier":"S-1-5-21-3072663084-364016917-1341370565-502","ObjectType":"User"},{"ObjectIdentifier":"S-1-5-21-3072663084-364016917-1341370565-1128","ObjectType":"User"},{"ObjectIdentifier":"S-1-5-21-3072663084-364016917-1341370565-525","ObjectType":"Group"},{"ObjectIdentifier":"S-1-5-21-3072663084-364016917-1341370565-553","ObjectType":"Group"},{"ObjectIdentifier":"S-1-5-21-3072663084-364016917-1341370565-521","ObjectType":"Group"},{"ObjectIdentifier":"S-1-5-21-3072663084-364016917-1341370565-518","ObjectType":"Group"},{"ObjectIdentifier":"S-1-5-21-3072663084-364016917-1341370565-1124","ObjectType":"User"},{"ObjectIdentifier":"S-1-5-21-3072663084-364016917-1341370565-1131","ObjectType":"User"},{"ObjectIdentifier":"S-1-5-21-3072663084-364016917-1341370565-1132","ObjectType":"User"},{"ObjectIdentifier":"S-1-5-21-3072663084-364016917-1341370565-1125","ObjectType":"User"},{"ObjectIdentifier":"S-1-5-21-3072663084-364016917-1341370565-1130","ObjectType":"User"},{"ObjectIdentifier":"S-1-5-21-3072663084-364016917-1341370565-1126","ObjectType":"User"}],"Aces":[{"PrincipalSID":"S-1-5-21-3072663084-364016917-1341370565-512","PrincipalType":"Group","RightName":"Owns","IsInherited":false},{"PrincipalSID":"S-1-5-21-3072663084-364016917-1341370565-512","PrincipalType":"Group","RightName":"WriteDacl","IsInherited":false},{"PrincipalSID":"S-1-5-21-3072663084-364016917-1341370565-512","PrincipalType":"Group","RightName":"WriteOwner","IsInherited":false},{"PrincipalSID":"S-1-5-21-3072663084-364016917-1341370565-519","PrincipalType":"Group","RightName":"GenericAll","IsInherited":true},{"PrincipalSID":"HTB.LOCAL-S-1-5-32-544","PrincipalType":"Group","RightName":"WriteDacl","IsInherited":true},{"PrincipalSID":"HTB.LOCAL-S-1-5-32-544","PrincipalType":"Group","RightName":"WriteOwner","IsInherited":true}],"ObjectIdentifier":"28CBED1A-7F9B-491E-9FCE-A053E95892CD","IsDeleted":false,"IsACLProtected":false}],"meta":{"methods":29695,"type":"containers","count":23,"version":5}}