﻿{"data":[{"Properties":{"domain":"HTB.LOCAL","name":"EXCH01.HTB.LOCAL","distinguishedname":"CN=EXCH01,CN=COMPUTERS,DC=HTB,DC=LOCAL","domainsid":"S-1-5-21-3072663084-364016917-1341370565","highvalue":false,"samaccountname":"EXCH01$","haslaps":false,"description":null,"whencreated":1568779592,"enabled":true,"unconstraineddelegation":false,"trustedtoauth":false,"lastlogon":1569279580,"lastlogontimestamp":1568804794,"pwdlastset":1568804792,"serviceprincipalnames":["IMAP/EXCH01","IMAP/EXCH01.htb.local","IMAP4/EXCH01","IMAP4/EXCH01.htb.local","POP/EXCH01","POP/EXCH01.htb.local","POP3/EXCH01","POP3/EXCH01.htb.local","exchangeRFR/EXCH01","exchangeRFR/EXCH01.htb.local","exchangeAB/EXCH01","exchangeAB/EXCH01.htb.local","exchangeMDB/EXCH01","exchangeMDB/EXCH01.htb.local","SMTP/EXCH01","SMTP/EXCH01.htb.local","SmtpSvc/EXCH01","SmtpSvc/EXCH01.htb.local","WSMAN/EXCH01","WSMAN/EXCH01.htb.local","RestrictedKrbHost/EXCH01","HOST/EXCH01","RestrictedKrbHost/EXCH01.htb.local","HOST/EXCH01.htb.local"],"operatingsystem":"Windows Server 2016 Standard","sidhistory":[]},"PrimaryGroupSID":"S-1-5-21-3072663084-364016917-1341370565-515","AllowedToDelegate":[],"AllowedToAct":[],"HasSIDHistory":[],"DumpSMSAPassword":[],"Sessions":{"Results":[],"Collected":false,"FailureReason":null},"PrivilegedSessions":{"Results":[],"Collected":false,"FailureReason":null},"RegistrySessions":{"Results":[],"Collected":false,"FailureReason":null},"LocalAdmins":{"Results":[],"Collected":false,"FailureReason":null},"RemoteDesktopUsers":{"Results":[],"Collected":false,"FailureReason":null},"DcomUsers":{"Results":[],"Collected":false,"FailureReason":null},"PSRemoteUsers":{"Results":[],"Collected":false,"FailureReason":null},"Status":null,"Aces":[{"PrincipalSID":"S-1-5-21-3072663084-364016917-1341370565-512","PrincipalType":"Group","RightName":"Owns","IsInherited":false},{"PrincipalSID":"HTB.LOCAL-S-1-5-32-548","PrincipalType":"Group","RightName":"GenericAll","IsInherited":false},{"PrincipalSID":"S-1-5-21-3072663084-364016917-1341370565-512","PrincipalType":"Group","RightName":"GenericAll","IsInherited":false},{"PrincipalSID":"S-1-5-21-3072663084-364016917-1341370565-526","PrincipalType":"Group","RightName":"AddKeyCredentialLink","IsInherited":true},{"PrincipalSID":"S-1-5-21-3072663084-364016917-1341370565-527","PrincipalType":"Group","RightName":"AddKeyCredentialLink","IsInherited":true},{"PrincipalSID":"S-1-5-21-3072663084-364016917-1341370565-519","PrincipalType":"Group","RightName":"GenericAll","IsInherited":true},{"PrincipalSID":"HTB.LOCAL-S-1-5-32-544","PrincipalType":"Group","RightName":"WriteDacl","IsInherited":true},{"PrincipalSID":"HTB.LOCAL-S-1-5-32-544","PrincipalType":"Group","RightName":"WriteOwner","IsInherited":true},{"PrincipalSID":"HTB.LOCAL-S-1-5-32-544","PrincipalType":"Group","RightName":"GenericWrite","IsInherited":true},{"PrincipalSID":"HTB.LOCAL-S-1-5-7","PrincipalType":"Group","RightName":"GenericWrite","IsInherited":true}],"ObjectIdentifier":"S-1-5-21-3072663084-364016917-1341370565-1103","IsDeleted":false,"IsACLProtected":false},{"Properties":{"domain":"HTB.LOCAL","name":"FOREST.HTB.LOCAL","distinguishedname":"CN=FOREST,OU=DOMAIN CONTROLLERS,DC=HTB,DC=LOCAL","domainsid":"S-1-5-21-3072663084-364016917-1341370565","highvalue":false,"samaccountname":"FOREST$","haslaps":false,"description":null,"whencreated":1568778803,"enabled":true,"unconstraineddelegation":true,"trustedtoauth":false,"lastlogon":1692264913,"lastlogontimestamp":1692236142,"pwdlastset":1692236118,"serviceprincipalnames":["TERMSRV/FOREST","TERMSRV/FOREST.htb.local","exchangeAB/FOREST","exchangeAB/FOREST.htb.local","Dfsr-12F9A27C-BF97-4787-9364-D31B6C55EB04/FOREST.htb.local","ldap/FOREST.htb.local/ForestDnsZones.htb.local","ldap/FOREST.htb.local/DomainDnsZones.htb.local","DNS/FOREST.htb.local","GC/FOREST.htb.local/htb.local","RestrictedKrbHost/FOREST.htb.local","RestrictedKrbHost/FOREST","RPC/236ba33a-7959-4a41-b959-5f82689a0871._msdcs.htb.local","HOST/FOREST/HTB","HOST/FOREST.htb.local/HTB","HOST/FOREST","HOST/FOREST.htb.local","HOST/FOREST.htb.local/htb.local","E3514235-4B06-11D1-AB04-00C04FC2DCD2/236ba33a-7959-4a41-b959-5f82689a0871/htb.local","ldap/FOREST/HTB","ldap/236ba33a-7959-4a41-b959-5f82689a0871._msdcs.htb.local","ldap/FOREST.htb.local/HTB","ldap/FOREST","ldap/FOREST.htb.local","ldap/FOREST.htb.local/htb.local"],"operatingsystem":"Windows Server 2016 Standard","sidhistory":[]},"PrimaryGroupSID":"S-1-5-21-3072663084-364016917-1341370565-516","AllowedToDelegate":[],"AllowedToAct":[],"HasSIDHistory":[],"DumpSMSAPassword":[],"Sessions":{"Results":[],"Collected":true,"FailureReason":null},"PrivilegedSessions":{"Results":[{"UserSID":"S-1-5-21-3072663084-364016917-1341370565-500","ComputerSID":"S-1-5-21-3072663084-364016917-1341370565-1000"},{"UserSID":"S-1-5-21-3072663084-364016917-1341370565-500","ComputerSID":"S-1-5-21-3072663084-364016917-1341370565-1000"}],"Collected":true,"FailureReason":null},"RegistrySessions":{"Results":[{"UserSID":"S-1-5-21-3072663084-364016917-1341370565-1147","ComputerSID":"S-1-5-21-3072663084-364016917-1341370565-1000"}],"Collected":true,"FailureReason":null},"LocalAdmins":{"Results":[{"ObjectIdentifier":"S-1-5-21-3072663084-364016917-1341370565-500","ObjectType":"User"},{"ObjectIdentifier":"S-1-5-21-3072663084-364016917-1341370565-519","ObjectType":"Group"},{"ObjectIdentifier":"S-1-5-21-3072663084-364016917-1341370565-512","ObjectType":"Group"}],"Collected":true,"FailureReason":null},"RemoteDesktopUsers":{"Results":[],"Collected":true,"FailureReason":null},"DcomUsers":{"Results":[],"Collected":true,"FailureReason":null},"PSRemoteUsers":{"Results":[{"ObjectIdentifier":"S-1-5-21-3072663084-364016917-1341370565-1149","ObjectType":"Group"}],"Collected":true,"FailureReason":null},"Status":null,"Aces":[{"PrincipalSID":"S-1-5-21-3072663084-364016917-1341370565-512","PrincipalType":"Group","RightName":"Owns","IsInherited":false},{"PrincipalSID":"S-1-5-21-3072663084-364016917-1341370565-512","PrincipalType":"Group","RightName":"GenericAll","IsInherited":false},{"PrincipalSID":"S-1-5-21-3072663084-364016917-1341370565-526","PrincipalType":"Group","RightName":"AddKeyCredentialLink","IsInherited":true},{"PrincipalSID":"S-1-5-21-3072663084-364016917-1341370565-527","PrincipalType":"Group","RightName":"AddKeyCredentialLink","IsInherited":true},{"PrincipalSID":"S-1-5-21-3072663084-364016917-1341370565-519","PrincipalType":"Group","RightName":"GenericAll","IsInherited":true},{"PrincipalSID":"HTB.LOCAL-S-1-5-32-544","PrincipalType":"Group","RightName":"WriteDacl","IsInherited":true},{"PrincipalSID":"HTB.LOCAL-S-1-5-32-544","PrincipalType":"Group","RightName":"WriteOwner","IsInherited":true},{"PrincipalSID":"HTB.LOCAL-S-1-5-32-544","PrincipalType":"Group","RightName":"GenericWrite","IsInherited":true},{"PrincipalSID":"HTB.LOCAL-S-1-5-7","PrincipalType":"Group","RightName":"GenericWrite","IsInherited":true}],"ObjectIdentifier":"S-1-5-21-3072663084-364016917-1341370565-1000","IsDeleted":false,"IsACLProtected":false}],"meta":{"methods":29695,"type":"computers","count":2,"version":5}}