{"data":[{"ObjectIdentifier": "S-1-5-21-2379389067-1826974543-3574127760-1001", "AllowedToAct": [], "PrimaryGroupSID": "S-1-5-21-2379389067-1826974543-3574127760-516", "LocalAdmins": {"Collected": true, "FailureReason": null, "Results": [{"ObjectIdentifier": "S-1-5-21-2379389067-1826974543-3574127760-500", "ObjectType": "User"}, {"ObjectIdentifier": "S-1-5-21-2379389067-1826974543-3574127760-519", "ObjectType": "Group"}, {"ObjectIdentifier": "S-1-5-21-2379389067-1826974543-3574127760-512", "ObjectType": "Group"}]}, "PSRemoteUsers": {"Collected": true, "FailureReason": null, "Results": [{"ObjectIdentifier": "S-1-5-21-2379389067-1826974543-3574127760-1104", "ObjectType": "User"}, {"ObjectIdentifier": "S-1-5-21-2379389067-1826974543-3574127760-1603", "ObjectType": "User"}]}, "Properties": {"name": "SIZZLE.HTB.LOCAL", "domainsid": "S-1-5-21-2379389067-1826974543-3574127760", "domain": "HTB.LOCAL", "distinguishedname": "CN=SIZZLE,OU=DOMAIN CONTROLLERS,DC=HTB,DC=LOCAL", "unconstraineddelegation": true, "enabled": true, "trustedtoauth": false, "samaccountname": "SIZZLE$", "haslaps": false, "lastlogon": 1694421434, "lastlogontimestamp": 1694421398, "pwdlastset": 1694421374, "whencreated": 1530557916, "serviceprincipalnames": ["Dfsr-12F9A27C-BF97-4787-9364-D31B6C55EB04/sizzle.HTB.LOCAL", "ldap/sizzle.HTB.LOCAL/ForestDnsZones.HTB.LOCAL", "ldap/sizzle.HTB.LOCAL/DomainDnsZones.HTB.LOCAL", "DNS/sizzle.HTB.LOCAL", "GC/sizzle.HTB.LOCAL/HTB.LOCAL", "RestrictedKrbHost/sizzle.HTB.LOCAL", "RestrictedKrbHost/SIZZLE", "RPC/717ef311-0653-41c6-8db6-81526d6f4985._msdcs.HTB.LOCAL", "HOST/SIZZLE/HTB", "HOST/sizzle.HTB.LOCAL/HTB", "HOST/SIZZLE", "HOST/sizzle.HTB.LOCAL", "HOST/sizzle.HTB.LOCAL/HTB.LOCAL", "E3514235-4B06-11D1-AB04-00C04FC2DCD2/717ef311-0653-41c6-8db6-81526d6f4985/HTB.LOCAL", "ldap/SIZZLE/HTB", "ldap/717ef311-0653-41c6-8db6-81526d6f4985._msdcs.HTB.LOCAL", "ldap/sizzle.HTB.LOCAL/HTB", "ldap/SIZZLE", "ldap/sizzle.HTB.LOCAL", "ldap/sizzle.HTB.LOCAL/HTB.LOCAL"], "description": null, "operatingsystem": "Windows Server 2016 Standard", "sidhistory": []}, "RemoteDesktopUsers": {"Collected": true, "FailureReason": null, "Results": []}, "DcomUsers": {"Collected": true, "FailureReason": null, "Results": []}, "AllowedToDelegate": [], "Sessions": {"Collected": true, "FailureReason": null, "Results": []}, "PrivilegedSessions": {"Collected": false, "FailureReason": null, "Results": []}, "RegistrySessions": {"Collected": false, "FailureReason": null, "Results": []}, "Aces": [{"RightName": "Owns", "IsInherited": false, "PrincipalSID": "S-1-5-21-2379389067-1826974543-3574127760-512", "PrincipalType": "Group"}, {"RightName": "GenericAll", "IsInherited": false, "PrincipalSID": "S-1-5-21-2379389067-1826974543-3574127760-512", "PrincipalType": "Group"}, {"RightName": "AddKeyCredentialLink", "IsInherited": true, "PrincipalSID": "S-1-5-21-2379389067-1826974543-3574127760-526", "PrincipalType": "Group"}, {"RightName": "AddKeyCredentialLink", "IsInherited": true, "PrincipalSID": "S-1-5-21-2379389067-1826974543-3574127760-527", "PrincipalType": "Group"}, {"RightName": "GenericAll", "IsInherited": true, "PrincipalSID": "S-1-5-21-2379389067-1826974543-3574127760-519", "PrincipalType": "Group"}, {"RightName": "GenericWrite", "IsInherited": true, "PrincipalSID": "HTB.LOCAL-S-1-5-32-544", "PrincipalType": "Group"}, {"RightName": "WriteOwner", "IsInherited": true, "PrincipalSID": "HTB.LOCAL-S-1-5-32-544", "PrincipalType": "Group"}, {"RightName": "WriteDacl", "IsInherited": true, "PrincipalSID": "HTB.LOCAL-S-1-5-32-544", "PrincipalType": "Group"}], "HasSIDHistory": [], "IsDeleted": false, "Status": null, "IsACLProtected": false}],"meta":{"methods":0,"type":"computers","count":1, "version":5}}