{"data": [{"ObjectIdentifier": "S-1-5-21-2379389067-1826974543-3574127760", "Properties": {"name": "HTB.LOCAL", "domain": "HTB.LOCAL", "domainsid": "S-1-5-21-2379389067-1826974543-3574127760", "distinguishedname": "DC=HTB,DC=LOCAL", "description": "", "functionallevel": "2016", "highvalue": true, "whencreated": 1530557800}, "Trusts": [], "Aces": [{"RightName": "Owns", "IsInherited": false, "PrincipalSID": "HTB.LOCAL-S-1-5-32-544", "PrincipalType": "Group"}, {"RightName": "GetChangesInFilteredSet", "IsInherited": false, "PrincipalSID": "S-1-5-21-2379389067-1826974543-3574127760-1603", "PrincipalType": "User"}, {"RightName": "GetChanges", "IsInherited": false, "PrincipalSID": "S-1-5-21-2379389067-1826974543-3574127760-1603", "PrincipalType": "User"}, {"RightName": "GetChanges", "IsInherited": false, "PrincipalSID": "S-1-5-21-2379389067-1826974543-3574127760-498", "PrincipalType": "Group"}, {"RightName": "GetChangesAll", "IsInherited": false, "PrincipalSID": "S-1-5-21-2379389067-1826974543-3574127760-516", "PrincipalType": "Group"}, {"RightName": "GetChangesAll", "IsInherited": false, "PrincipalSID": "S-1-5-21-2379389067-1826974543-3574127760-1603", "PrincipalType": "User"}, {"RightName": "GetChangesInFilteredSet", "IsInherited": false, "PrincipalSID": "HTB.LOCAL-S-1-5-32-544", "PrincipalType": "Group"}, {"RightName": "GetChanges", "IsInherited": false, "PrincipalSID": "HTB.LOCAL-S-1-5-32-544", "PrincipalType": "Group"}, {"RightName": "GetChangesAll", "IsInherited": false, "PrincipalSID": "HTB.LOCAL-S-1-5-32-544", "PrincipalType": "Group"}, {"RightName": "GetChangesInFilteredSet", "IsInherited": false, "PrincipalSID": "HTB.LOCAL-S-1-5-9", "PrincipalType": "Group"}, {"RightName": "GetChanges", "IsInherited": false, "PrincipalSID": "HTB.LOCAL-S-1-5-9", "PrincipalType": "Group"}, {"RightName": "WriteOwner", "IsInherited": false, "PrincipalSID": "S-1-5-21-2379389067-1826974543-3574127760-512", "PrincipalType": "Group"}, {"RightName": "AllExtendedRights", "IsInherited": false, "PrincipalSID": "S-1-5-21-2379389067-1826974543-3574127760-512", "PrincipalType": "Group"}, {"RightName": "WriteDacl", "IsInherited": false, "PrincipalSID": "S-1-5-21-2379389067-1826974543-3574127760-512", "PrincipalType": "Group"}, {"RightName": "GenericAll", "IsInherited": false, "PrincipalSID": "S-1-5-21-2379389067-1826974543-3574127760-519", "PrincipalType": "Group"}, {"RightName": "WriteOwner", "IsInherited": false, "PrincipalSID": "HTB.LOCAL-S-1-5-32-544", "PrincipalType": "Group"}, {"RightName": "AllExtendedRights", "IsInherited": false, "PrincipalSID": "HTB.LOCAL-S-1-5-32-544", "PrincipalType": "Group"}, {"RightName": "WriteDacl", "IsInherited": false, "PrincipalSID": "HTB.LOCAL-S-1-5-32-544", "PrincipalType": "Group"}], "Links": [{"IsEnforced": false, "GUID": "970B7145-280A-4F9D-9EF0-3854118EBD06"}], "ChildObjects": [{"ObjectIdentifier": "C6326D09-AD61-4ABA-8A90-56D072AD327E", "ObjectType": "Container"}, {"ObjectIdentifier": "FEA640B6-EE97-4CC4-BC45-B72D0E744A9F", "ObjectType": "Container"}, {"ObjectIdentifier": "68410D37-9B3C-4580-9F33-8C41EF35B790", "ObjectType": "Container"}, {"ObjectIdentifier": "FE3F044D-EAA6-4388-8E73-CFFEF1906DE2", "ObjectType": "OU"}, {"ObjectIdentifier": "16B331EE-3C68-4A44-833F-5E4044FB2CA7", "ObjectType": "Container"}], "GPOChanges": {"AffectedComputers": [], "DcomUsers": [], "LocalAdmins": [], "PSRemoteUsers": [], "RemoteDesktopUsers": []}, "IsDeleted": false, "IsACLProtected": false}], "meta": {"type": "domains", "count": 1, "version": 5}}