﻿{"data":[{"Properties":{"domain":"EGOTISTICAL-BANK.LOCAL","name":"DEFAULT DOMAIN POLICY@EGOTISTICAL-BANK.LOCAL","distinguishedname":"CN={31B2F340-016D-11D2-945F-00C04FB984F9},CN=POLICIES,CN=SYSTEM,DC=EGOTISTICAL-BANK,DC=LOCAL","domainsid":"S-1-5-21-2966785786-3096785034-1186376766","highvalue":false,"description":null,"whencreated":1579729478,"gpcpath":"\\\\EGOTISTICAL-BANK.LOCAL\\SYSVOL\\EGOTISTICAL-BANK.LOCAL\\POLICIES\\{31B2F340-016D-11D2-945F-00C04FB984F9}"},"Aces":[{"PrincipalSID":"S-1-5-21-2966785786-3096785034-1186376766-512","PrincipalType":"Group","RightName":"Owns","IsInherited":false},{"PrincipalSID":"S-1-5-21-2966785786-3096785034-1186376766-512","PrincipalType":"Group","RightName":"WriteDacl","IsInherited":false},{"PrincipalSID":"S-1-5-21-2966785786-3096785034-1186376766-512","PrincipalType":"Group","RightName":"WriteOwner","IsInherited":false},{"PrincipalSID":"S-1-5-21-2966785786-3096785034-1186376766-512","PrincipalType":"Group","RightName":"GenericWrite","IsInherited":false},{"PrincipalSID":"S-1-5-21-2966785786-3096785034-1186376766-512","PrincipalType":"Group","RightName":"WriteDacl","IsInherited":false},{"PrincipalSID":"S-1-5-21-2966785786-3096785034-1186376766-512","PrincipalType":"Group","RightName":"WriteOwner","IsInherited":false},{"PrincipalSID":"S-1-5-21-2966785786-3096785034-1186376766-512","PrincipalType":"Group","RightName":"GenericWrite","IsInherited":false},{"PrincipalSID":"S-1-5-21-2966785786-3096785034-1186376766-519","PrincipalType":"Group","RightName":"WriteDacl","IsInherited":false},{"PrincipalSID":"S-1-5-21-2966785786-3096785034-1186376766-519","PrincipalType":"Group","RightName":"WriteOwner","IsInherited":false},{"PrincipalSID":"S-1-5-21-2966785786-3096785034-1186376766-519","PrincipalType":"Group","RightName":"GenericWrite","IsInherited":false}],"ObjectIdentifier":"176CD73E-5697-4341-907F-8C10D76EE487","IsDeleted":false,"IsACLProtected":true,"ContainedBy":null},{"Properties":{"domain":"EGOTISTICAL-BANK.LOCAL","name":"BLOCK DOWNLOADS TO POWERSHELL@EGOTISTICAL-BANK.LOCAL","distinguishedname":"CN={2619FB25-7519-4AEA-9C1E-348725EF2858},CN=POLICIES,CN=SYSTEM,DC=EGOTISTICAL-BANK,DC=LOCAL","domainsid":"S-1-5-21-2966785786-3096785034-1186376766","highvalue":false,"description":null,"whencreated":1579956524,"gpcpath":"\\\\EGOTISTICAL-BANK.LOCAL\\SYSVOL\\EGOTISTICAL-BANK.LOCAL\\POLICIES\\{2619FB25-7519-4AEA-9C1E-348725EF2858}"},"Aces":[{"PrincipalSID":"S-1-5-21-2966785786-3096785034-1186376766-512","PrincipalType":"Group","RightName":"Owns","IsInherited":false},{"PrincipalSID":"S-1-5-21-2966785786-3096785034-1186376766-512","PrincipalType":"Group","RightName":"WriteDacl","IsInherited":false},{"PrincipalSID":"S-1-5-21-2966785786-3096785034-1186376766-512","PrincipalType":"Group","RightName":"WriteOwner","IsInherited":false},{"PrincipalSID":"S-1-5-21-2966785786-3096785034-1186376766-512","PrincipalType":"Group","RightName":"GenericWrite","IsInherited":false},{"PrincipalSID":"S-1-5-21-2966785786-3096785034-1186376766-519","PrincipalType":"Group","RightName":"WriteDacl","IsInherited":false},{"PrincipalSID":"S-1-5-21-2966785786-3096785034-1186376766-519","PrincipalType":"Group","RightName":"WriteOwner","IsInherited":false},{"PrincipalSID":"S-1-5-21-2966785786-3096785034-1186376766-519","PrincipalType":"Group","RightName":"GenericWrite","IsInherited":false}],"ObjectIdentifier":"D8ED7B13-5817-4739-946C-0DB80C946976","IsDeleted":false,"IsACLProtected":true,"ContainedBy":null},{"Properties":{"domain":"EGOTISTICAL-BANK.LOCAL","name":"DEFAULT DOMAIN CONTROLLERS POLICY@EGOTISTICAL-BANK.LOCAL","distinguishedname":"CN={6AC1786C-016F-11D2-945F-00C04FB984F9},CN=POLICIES,CN=SYSTEM,DC=EGOTISTICAL-BANK,DC=LOCAL","domainsid":"S-1-5-21-2966785786-3096785034-1186376766","highvalue":false,"description":null,"whencreated":1579729478,"gpcpath":"\\\\EGOTISTICAL-BANK.LOCAL\\SYSVOL\\EGOTISTICAL-BANK.LOCAL\\POLICIES\\{6AC1786C-016F-11D2-945F-00C04FB984F9}"},"Aces":[{"PrincipalSID":"S-1-5-21-2966785786-3096785034-1186376766-512","PrincipalType":"Group","RightName":"Owns","IsInherited":false},{"PrincipalSID":"S-1-5-21-2966785786-3096785034-1186376766-512","PrincipalType":"Group","RightName":"WriteDacl","IsInherited":false},{"PrincipalSID":"S-1-5-21-2966785786-3096785034-1186376766-512","PrincipalType":"Group","RightName":"WriteOwner","IsInherited":false},{"PrincipalSID":"S-1-5-21-2966785786-3096785034-1186376766-512","PrincipalType":"Group","RightName":"GenericWrite","IsInherited":false},{"PrincipalSID":"S-1-5-21-2966785786-3096785034-1186376766-512","PrincipalType":"Group","RightName":"WriteDacl","IsInherited":false},{"PrincipalSID":"S-1-5-21-2966785786-3096785034-1186376766-512","PrincipalType":"Group","RightName":"WriteOwner","IsInherited":false},{"PrincipalSID":"S-1-5-21-2966785786-3096785034-1186376766-512","PrincipalType":"Group","RightName":"GenericWrite","IsInherited":false},{"PrincipalSID":"S-1-5-21-2966785786-3096785034-1186376766-519","PrincipalType":"Group","RightName":"WriteDacl","IsInherited":false},{"PrincipalSID":"S-1-5-21-2966785786-3096785034-1186376766-519","PrincipalType":"Group","RightName":"WriteOwner","IsInherited":false},{"PrincipalSID":"S-1-5-21-2966785786-3096785034-1186376766-519","PrincipalType":"Group","RightName":"GenericWrite","IsInherited":false}],"ObjectIdentifier":"D7620D32-C1ED-4B07-8DD2-8F763E30FEE9","IsDeleted":false,"IsACLProtected":true,"ContainedBy":null}],"meta":{"methods":62463,"type":"gpos","count":3,"version":5}}