﻿{"data":[{"Properties":{"domain":"EGOTISTICAL-BANK.LOCAL","name":"SAUNA.EGOTISTICAL-BANK.LOCAL","distinguishedname":"CN=SAUNA,OU=DOMAIN CONTROLLERS,DC=EGOTISTICAL-BANK,DC=LOCAL","domainsid":"S-1-5-21-2966785786-3096785034-1186376766","highvalue":false,"samaccountname":"SAUNA$","haslaps":false,"description":null,"whencreated":1579729530,"enabled":true,"unconstraineddelegation":true,"trustedtoauth":false,"lastlogon":1692247031,"lastlogontimestamp":1692218258,"pwdlastset":1692218247,"serviceprincipalnames":["Dfsr-12F9A27C-BF97-4787-9364-D31B6C55EB04/SAUNA.EGOTISTICAL-BANK.LOCAL","ldap/SAUNA.EGOTISTICAL-BANK.LOCAL/ForestDnsZones.EGOTISTICAL-BANK.LOCAL","ldap/SAUNA.EGOTISTICAL-BANK.LOCAL/DomainDnsZones.EGOTISTICAL-BANK.LOCAL","DNS/SAUNA.EGOTISTICAL-BANK.LOCAL","GC/SAUNA.EGOTISTICAL-BANK.LOCAL/EGOTISTICAL-BANK.LOCAL","RestrictedKrbHost/SAUNA.EGOTISTICAL-BANK.LOCAL","RestrictedKrbHost/SAUNA","RPC/b3e0be40-25c6-44ec-b2b9-9ff85c44b2ec._msdcs.EGOTISTICAL-BANK.LOCAL","HOST/SAUNA/EGOTISTICALBANK","HOST/SAUNA.EGOTISTICAL-BANK.LOCAL/EGOTISTICALBANK","HOST/SAUNA","HOST/SAUNA.EGOTISTICAL-BANK.LOCAL","HOST/SAUNA.EGOTISTICAL-BANK.LOCAL/EGOTISTICAL-BANK.LOCAL","E3514235-4B06-11D1-AB04-00C04FC2DCD2/b3e0be40-25c6-44ec-b2b9-9ff85c44b2ec/EGOTISTICAL-BANK.LOCAL","ldap/SAUNA/EGOTISTICALBANK","ldap/b3e0be40-25c6-44ec-b2b9-9ff85c44b2ec._msdcs.EGOTISTICAL-BANK.LOCAL","ldap/SAUNA.EGOTISTICAL-BANK.LOCAL/EGOTISTICALBANK","ldap/SAUNA","ldap/SAUNA.EGOTISTICAL-BANK.LOCAL","ldap/SAUNA.EGOTISTICAL-BANK.LOCAL/EGOTISTICAL-BANK.LOCAL"],"operatingsystem":"Windows Server 2019 Datacenter","sidhistory":[]},"PrimaryGroupSID":"S-1-5-21-2966785786-3096785034-1186376766-516","AllowedToDelegate":[],"AllowedToAct":[],"HasSIDHistory":[],"DumpSMSAPassword":[],"Sessions":{"Results":[],"Collected":false,"FailureReason":"ErrorAccessDenied"},"PrivilegedSessions":{"Results":[],"Collected":false,"FailureReason":"ErrorAccessDenied"},"RegistrySessions":{"Results":[{"UserSID":"S-1-5-21-2966785786-3096785034-1186376766-1105","ComputerSID":"S-1-5-21-2966785786-3096785034-1186376766-1000"}],"Collected":true,"FailureReason":null},"LocalGroups":[{"ObjectIdentifier":"EGOTISTICAL-BANK.LOCAL-S-1-5-32-549","Name":"IGNOREME","Results":[],"LocalNames":[],"Collected":true,"FailureReason":null},{"ObjectIdentifier":"EGOTISTICAL-BANK.LOCAL-S-1-5-32-548","Name":"IGNOREME","Results":[],"LocalNames":[],"Collected":true,"FailureReason":null},{"ObjectIdentifier":"EGOTISTICAL-BANK.LOCAL-S-1-5-32-554","Name":"IGNOREME","Results":[{"ObjectIdentifier":"EGOTISTICAL-BANK.LOCAL-S-1-5-11","ObjectType":"Group"}],"LocalNames":[],"Collected":true,"FailureReason":null},{"ObjectIdentifier":"EGOTISTICAL-BANK.LOCAL-S-1-5-32-557","Name":"IGNOREME","Results":[],"LocalNames":[],"Collected":true,"FailureReason":null},{"ObjectIdentifier":"EGOTISTICAL-BANK.LOCAL-S-1-5-32-560","Name":"IGNOREME","Results":[{"ObjectIdentifier":"EGOTISTICAL-BANK.LOCAL-S-1-5-9","ObjectType":"Group"}],"LocalNames":[],"Collected":true,"FailureReason":null},{"ObjectIdentifier":"EGOTISTICAL-BANK.LOCAL-S-1-5-32-561","Name":"IGNOREME","Results":[],"LocalNames":[],"Collected":true,"FailureReason":null},{"ObjectIdentifier":"EGOTISTICAL-BANK.LOCAL-S-1-5-32-544","Name":"IGNOREME","Results":[{"ObjectIdentifier":"S-1-5-21-2966785786-3096785034-1186376766-500","ObjectType":"User"},{"ObjectIdentifier":"S-1-5-21-2966785786-3096785034-1186376766-519","ObjectType":"Group"},{"ObjectIdentifier":"S-1-5-21-2966785786-3096785034-1186376766-512","ObjectType":"Group"}],"LocalNames":[],"Collected":true,"FailureReason":null},{"ObjectIdentifier":"EGOTISTICAL-BANK.LOCAL-S-1-5-32-545","Name":"IGNOREME","Results":[{"ObjectIdentifier":"EGOTISTICAL-BANK.LOCAL-S-1-5-11","ObjectType":"Group"},{"ObjectIdentifier":"S-1-5-21-2966785786-3096785034-1186376766-513","ObjectType":"Group"}],"LocalNames":[],"Collected":true,"FailureReason":null},{"ObjectIdentifier":"EGOTISTICAL-BANK.LOCAL-S-1-5-32-546","Name":"IGNOREME","Results":[{"ObjectIdentifier":"S-1-5-21-2966785786-3096785034-1186376766-501","ObjectType":"User"},{"ObjectIdentifier":"S-1-5-21-2966785786-3096785034-1186376766-514","ObjectType":"Group"}],"LocalNames":[],"Collected":true,"FailureReason":null},{"ObjectIdentifier":"EGOTISTICAL-BANK.LOCAL-S-1-5-32-550","Name":"IGNOREME","Results":[],"LocalNames":[],"Collected":true,"FailureReason":null},{"ObjectIdentifier":"EGOTISTICAL-BANK.LOCAL-S-1-5-32-551","Name":"IGNOREME","Results":[],"LocalNames":[],"Collected":true,"FailureReason":null},{"ObjectIdentifier":"EGOTISTICAL-BANK.LOCAL-S-1-5-32-552","Name":"IGNOREME","Results":[],"LocalNames":[],"Collected":true,"FailureReason":null},{"ObjectIdentifier":"EGOTISTICAL-BANK.LOCAL-S-1-5-32-555","Name":"IGNOREME","Results":[],"LocalNames":[],"Collected":true,"FailureReason":null},{"ObjectIdentifier":"EGOTISTICAL-BANK.LOCAL-S-1-5-32-556","Name":"IGNOREME","Results":[],"LocalNames":[],"Collected":true,"FailureReason":null},{"ObjectIdentifier":"EGOTISTICAL-BANK.LOCAL-S-1-5-32-558","Name":"IGNOREME","Results":[],"LocalNames":[],"Collected":true,"FailureReason":null},{"ObjectIdentifier":"EGOTISTICAL-BANK.LOCAL-S-1-5-32-559","Name":"IGNOREME","Results":[],"LocalNames":[],"Collected":true,"FailureReason":null},{"ObjectIdentifier":"EGOTISTICAL-BANK.LOCAL-S-1-5-32-562","Name":"IGNOREME","Results":[],"LocalNames":[],"Collected":true,"FailureReason":null},{"ObjectIdentifier":"EGOTISTICAL-BANK.LOCAL-S-1-5-32-568","Name":"IGNOREME","Results":[],"LocalNames":[],"Collected":true,"FailureReason":null},{"ObjectIdentifier":"EGOTISTICAL-BANK.LOCAL-S-1-5-32-569","Name":"IGNOREME","Results":[],"LocalNames":[],"Collected":true,"FailureReason":null},{"ObjectIdentifier":"EGOTISTICAL-BANK.LOCAL-S-1-5-32-573","Name":"IGNOREME","Results":[],"LocalNames":[],"Collected":true,"FailureReason":null},{"ObjectIdentifier":"EGOTISTICAL-BANK.LOCAL-S-1-5-32-574","Name":"IGNOREME","Results":[],"LocalNames":[],"Collected":true,"FailureReason":null},{"ObjectIdentifier":"EGOTISTICAL-BANK.LOCAL-S-1-5-32-575","Name":"IGNOREME","Results":[],"LocalNames":[],"Collected":true,"FailureReason":null},{"ObjectIdentifier":"EGOTISTICAL-BANK.LOCAL-S-1-5-32-576","Name":"IGNOREME","Results":[],"LocalNames":[],"Collected":true,"FailureReason":null},{"ObjectIdentifier":"EGOTISTICAL-BANK.LOCAL-S-1-5-32-577","Name":"IGNOREME","Results":[],"LocalNames":[],"Collected":true,"FailureReason":null},{"ObjectIdentifier":"EGOTISTICAL-BANK.LOCAL-S-1-5-32-578","Name":"IGNOREME","Results":[],"LocalNames":[],"Collected":true,"FailureReason":null},{"ObjectIdentifier":"EGOTISTICAL-BANK.LOCAL-S-1-5-32-579","Name":"IGNOREME","Results":[],"LocalNames":[],"Collected":true,"FailureReason":null},{"ObjectIdentifier":"EGOTISTICAL-BANK.LOCAL-S-1-5-32-580","Name":"IGNOREME","Results":[{"ObjectIdentifier":"S-1-5-21-2966785786-3096785034-1186376766-1105","ObjectType":"User"},{"ObjectIdentifier":"S-1-5-21-2966785786-3096785034-1186376766-1108","ObjectType":"User"}],"LocalNames":[],"Collected":true,"FailureReason":null},{"ObjectIdentifier":"EGOTISTICAL-BANK.LOCAL-S-1-5-32-582","Name":"IGNOREME","Results":[],"LocalNames":[],"Collected":true,"FailureReason":null}],"UserRights":[{"Privilege":"SeRemoteInteractiveLogonRight","Results":[],"LocalNames":[],"Collected":false,"FailureReason":"LSAEnumerateAccountsWithUserRights returned StatusAccessDenied"}],"Status":null,"Aces":[{"PrincipalSID":"S-1-5-21-2966785786-3096785034-1186376766-512","PrincipalType":"Group","RightName":"Owns","IsInherited":false},{"PrincipalSID":"S-1-5-21-2966785786-3096785034-1186376766-512","PrincipalType":"Group","RightName":"GenericAll","IsInherited":false},{"PrincipalSID":"S-1-5-21-2966785786-3096785034-1186376766-526","PrincipalType":"Group","RightName":"AddKeyCredentialLink","IsInherited":true},{"PrincipalSID":"S-1-5-21-2966785786-3096785034-1186376766-527","PrincipalType":"Group","RightName":"AddKeyCredentialLink","IsInherited":true},{"PrincipalSID":"S-1-5-21-2966785786-3096785034-1186376766-519","PrincipalType":"Group","RightName":"GenericAll","IsInherited":true},{"PrincipalSID":"EGOTISTICAL-BANK.LOCAL-S-1-5-32-544","PrincipalType":"Group","RightName":"WriteDacl","IsInherited":true},{"PrincipalSID":"EGOTISTICAL-BANK.LOCAL-S-1-5-32-544","PrincipalType":"Group","RightName":"WriteOwner","IsInherited":true},{"PrincipalSID":"EGOTISTICAL-BANK.LOCAL-S-1-5-32-544","PrincipalType":"Group","RightName":"GenericWrite","IsInherited":true}],"ObjectIdentifier":"S-1-5-21-2966785786-3096785034-1186376766-1000","IsDeleted":false,"IsACLProtected":false,"ContainedBy":null}],"meta":{"methods":62463,"type":"computers","count":1,"version":5}}