﻿{"data":[{"GPOChanges":{"LocalAdmins":[],"RemoteDesktopUsers":[],"DcomUsers":[],"PSRemoteUsers":[],"AffectedComputers":[]},"Properties":{"collected":true},"ChildObjects":[],"Trusts":[],"Links":[],"Aces":[],"ObjectIdentifier":"S-1-5-21-2966785786-3096785034-1186376766","IsDeleted":false,"IsACLProtected":false,"ContainedBy":null},{"GPOChanges":{"LocalAdmins":[],"RemoteDesktopUsers":[],"DcomUsers":[],"PSRemoteUsers":[],"AffectedComputers":[{"ObjectIdentifier":"S-1-5-21-2966785786-3096785034-1186376766-1000","ObjectType":"Computer"}]},"Properties":{"domain":"EGOTISTICAL-BANK.LOCAL","name":"EGOTISTICAL-BANK.LOCAL","distinguishedname":"DC=EGOTISTICAL-BANK,DC=LOCAL","domainsid":"S-1-5-21-2966785786-3096785034-1186376766","highvalue":true,"description":null,"whencreated":1579729465,"functionallevel":"2016"},"ChildObjects":[{"ObjectIdentifier":"52D7C6C4-B2A4-4C0C-AE22-31C2D396438F","ObjectType":"Container"},{"ObjectIdentifier":"86C8F6A3-22B6-470B-8F01-C34CDB74AC8C","ObjectType":"OU"},{"ObjectIdentifier":"6F1756AC-3E6D-49DC-8C48-24D7213E5077","ObjectType":"Container"},{"ObjectIdentifier":"S-1-5-21-2966785786-3096785034-1186376766-1103","ObjectType":"User"},{"ObjectIdentifier":"54F5DB3C-A1F3-4486-843F-C3CE1200A14A","ObjectType":"Container"},{"ObjectIdentifier":"B9665441-3249-4A8D-8222-EC183082F19F","ObjectType":"Container"}],"Trusts":[],"Links":[{"IsEnforced":false,"GUID":"176CD73E-5697-4341-907F-8C10D76EE487"}],"Aces":[{"PrincipalSID":"EGOTISTICAL-BANK.LOCAL-S-1-5-32-544","PrincipalType":"Group","RightName":"Owns","IsInherited":false},{"PrincipalSID":"EGOTISTICAL-BANK.LOCAL-S-1-5-32-544","PrincipalType":"Group","RightName":"WriteDacl","IsInherited":false},{"PrincipalSID":"EGOTISTICAL-BANK.LOCAL-S-1-5-32-544","PrincipalType":"Group","RightName":"WriteOwner","IsInherited":false},{"PrincipalSID":"EGOTISTICAL-BANK.LOCAL-S-1-5-32-544","PrincipalType":"Group","RightName":"AllExtendedRights","IsInherited":false},{"PrincipalSID":"S-1-5-21-2966785786-3096785034-1186376766-512","PrincipalType":"Group","RightName":"WriteDacl","IsInherited":false},{"PrincipalSID":"S-1-5-21-2966785786-3096785034-1186376766-512","PrincipalType":"Group","RightName":"WriteOwner","IsInherited":false},{"PrincipalSID":"S-1-5-21-2966785786-3096785034-1186376766-512","PrincipalType":"Group","RightName":"AllExtendedRights","IsInherited":false},{"PrincipalSID":"S-1-5-21-2966785786-3096785034-1186376766-519","PrincipalType":"Group","RightName":"GenericAll","IsInherited":false},{"PrincipalSID":"EGOTISTICAL-BANK.LOCAL-S-1-5-9","PrincipalType":"Group","RightName":"GetChanges","IsInherited":false},{"PrincipalSID":"EGOTISTICAL-BANK.LOCAL-S-1-5-9","PrincipalType":"Group","RightName":"GetChangesInFilteredSet","IsInherited":false},{"PrincipalSID":"EGOTISTICAL-BANK.LOCAL-S-1-5-32-544","PrincipalType":"Group","RightName":"GetChangesAll","IsInherited":false},{"PrincipalSID":"EGOTISTICAL-BANK.LOCAL-S-1-5-32-544","PrincipalType":"Group","RightName":"GetChanges","IsInherited":false},{"PrincipalSID":"EGOTISTICAL-BANK.LOCAL-S-1-5-32-544","PrincipalType":"Group","RightName":"GetChangesInFilteredSet","IsInherited":false},{"PrincipalSID":"S-1-5-21-2966785786-3096785034-1186376766-498","PrincipalType":"Group","RightName":"GetChanges","IsInherited":false},{"PrincipalSID":"S-1-5-21-2966785786-3096785034-1186376766-516","PrincipalType":"Group","RightName":"GetChangesAll","IsInherited":false},{"PrincipalSID":"S-1-5-21-2966785786-3096785034-1186376766-1108","PrincipalType":"User","RightName":"GetChanges","IsInherited":false},{"PrincipalSID":"S-1-5-21-2966785786-3096785034-1186376766-1108","PrincipalType":"User","RightName":"GetChangesAll","IsInherited":false}],"ObjectIdentifier":"S-1-5-21-2966785786-3096785034-1186376766","IsDeleted":false,"IsACLProtected":false,"ContainedBy":null}],"meta":{"methods":62463,"type":"domains","count":2,"version":5}}