Username,DisplayName,Description,Enabled,AdminCount,PassNeverExpire,PWDLastSet,LastLogon
KRBTGT@HTB.LOCAL,,Key Distribution Center Service Account,False,True,False,2018-07-02T18:58:36Z,1970-01-01T00:00:00Z
GUEST@HTB.LOCAL,,Built-in account for guest access to the computer/domain,True,False,True,2018-07-02T20:07:00Z,1970-01-01T00:00:00Z
MRLKY@HTB.LOCAL,,,True,False,False,2018-07-10T18:08:09Z,2018-07-12T14:23:50Z
AMANDA@HTB.LOCAL,,,True,False,False,2018-07-10T20:42:11Z,2023-09-11T08:37:07Z
SIZZLER@HTB.LOCAL,,,True,True,False,2018-07-12T14:29:49Z,1970-01-01T00:00:00Z
ADMINISTRATOR@HTB.LOCAL,,Built-in account for administering the computer/domain,True,True,False,2018-07-12T17:32:41Z,2023-09-11T08:37:12Z
