﻿{"data":[{"Properties":{"domain":"MEGABANK.LOCAL","name":"WINSOCKSERVICES@MEGABANK.LOCAL","distinguishedname":"CN=WINSOCKSERVICES,CN=SYSTEM,DC=MEGABANK,DC=LOCAL","domainsid":"S-1-5-21-1392959593-3013219662-3596683436","highvalue":false},"ChildObjects":[],"Aces":[{"PrincipalSID":"S-1-5-21-1392959593-3013219662-3596683436-512","PrincipalType":"Group","RightName":"Owns","IsInherited":false},{"PrincipalSID":"S-1-5-21-1392959593-3013219662-3596683436-512","PrincipalType":"Group","RightName":"WriteDacl","IsInherited":false},{"PrincipalSID":"S-1-5-21-1392959593-3013219662-3596683436-512","PrincipalType":"Group","RightName":"WriteOwner","IsInherited":false},{"PrincipalSID":"S-1-5-21-1392959593-3013219662-3596683436-519","PrincipalType":"Group","RightName":"GenericAll","IsInherited":true},{"PrincipalSID":"MEGABANK.LOCAL-S-1-5-32-544","PrincipalType":"Group","RightName":"WriteDacl","IsInherited":true},{"PrincipalSID":"MEGABANK.LOCAL-S-1-5-32-544","PrincipalType":"Group","RightName":"WriteOwner","IsInherited":true}],"ObjectIdentifier":"5ECA97F7-2F85-453A-BDCF-3E80E3385D69","IsDeleted":false,"IsACLProtected":false},{"Properties":{"domain":"MEGABANK.LOCAL","name":"WMIGPO@MEGABANK.LOCAL","distinguishedname":"CN=WMIGPO,CN=WMIPOLICY,CN=SYSTEM,DC=MEGABANK,DC=LOCAL","domainsid":"S-1-5-21-1392959593-3013219662-3596683436","highvalue":false},"ChildObjects":[],"Aces":[{"PrincipalSID":"S-1-5-21-1392959593-3013219662-3596683436-512","PrincipalType":"Group","RightName":"Owns","IsInherited":false},{"PrincipalSID":"S-1-5-21-1392959593-3013219662-3596683436-512","PrincipalType":"Group","RightName":"WriteDacl","IsInherited":false},{"PrincipalSID":"S-1-5-21-1392959593-3013219662-3596683436-512","PrincipalType":"Group","RightName":"WriteOwner","IsInherited":false},{"PrincipalSID":"S-1-5-21-1392959593-3013219662-3596683436-519","PrincipalType":"Group","RightName":"GenericAll","IsInherited":true},{"PrincipalSID":"S-1-5-21-1392959593-3013219662-3596683436-512","PrincipalType":"Group","RightName":"GenericAll","IsInherited":true}],"ObjectIdentifier":"A638FA41-570B-418A-B895-9FAFC1A6440B","IsDeleted":false,"IsACLProtected":false},{"Properties":{"domain":"MEGABANK.LOCAL","name":"MEETINGS@MEGABANK.LOCAL","distinguishedname":"CN=MEETINGS,CN=SYSTEM,DC=MEGABANK,DC=LOCAL","domainsid":"S-1-5-21-1392959593-3013219662-3596683436","highvalue":false},"ChildObjects":[],"Aces":[{"PrincipalSID":"S-1-5-21-1392959593-3013219662-3596683436-512","PrincipalType":"Group","RightName":"Owns","IsInherited":false},{"PrincipalSID":"S-1-5-21-1392959593-3013219662-3596683436-512","PrincipalType":"Group","RightName":"WriteDacl","IsInherited":false},{"PrincipalSID":"S-1-5-21-1392959593-3013219662-3596683436-512","PrincipalType":"Group","RightName":"WriteOwner","IsInherited":false},{"PrincipalSID":"S-1-5-21-1392959593-3013219662-3596683436-519","PrincipalType":"Group","RightName":"GenericAll","IsInherited":true},{"PrincipalSID":"MEGABANK.LOCAL-S-1-5-32-544","PrincipalType":"Group","RightName":"WriteDacl","IsInherited":true},{"PrincipalSID":"MEGABANK.LOCAL-S-1-5-32-544","PrincipalType":"Group","RightName":"WriteOwner","IsInherited":true}],"ObjectIdentifier":"42CFD923-69C2-4B8D-AA95-686BCD8D3E24","IsDeleted":false,"IsACLProtected":false},{"Properties":{"domain":"MEGABANK.LOCAL","name":"SOM@MEGABANK.LOCAL","distinguishedname":"CN=SOM,CN=WMIPOLICY,CN=SYSTEM,DC=MEGABANK,DC=LOCAL","domainsid":"S-1-5-21-1392959593-3013219662-3596683436","highvalue":false},"ChildObjects":[],"Aces":[{"PrincipalSID":"S-1-5-21-1392959593-3013219662-3596683436-512","PrincipalType":"Group","RightName":"Owns","IsInherited":false},{"PrincipalSID":"S-1-5-21-1392959593-3013219662-3596683436-512","PrincipalType":"Group","RightName":"GenericAll","IsInherited":false},{"PrincipalSID":"S-1-5-21-1392959593-3013219662-3596683436-519","PrincipalType":"Group","RightName":"GenericAll","IsInherited":false}],"ObjectIdentifier":"5C99D797-6EC7-442E-8609-225933E1252D","IsDeleted":false,"IsACLProtected":true},{"Properties":{"domain":"MEGABANK.LOCAL","name":"WMIPOLICY@MEGABANK.LOCAL","distinguishedname":"CN=WMIPOLICY,CN=SYSTEM,DC=MEGABANK,DC=LOCAL","domainsid":"S-1-5-21-1392959593-3013219662-3596683436","highvalue":false},"ChildObjects":[],"Aces":[{"PrincipalSID":"S-1-5-21-1392959593-3013219662-3596683436-512","PrincipalType":"Group","RightName":"Owns","IsInherited":false},{"PrincipalSID":"S-1-5-21-1392959593-3013219662-3596683436-512","PrincipalType":"Group","RightName":"GenericAll","IsInherited":false},{"PrincipalSID":"S-1-5-21-1392959593-3013219662-3596683436-519","PrincipalType":"Group","RightName":"GenericAll","IsInherited":false}],"ObjectIdentifier":"43D28E71-F84C-40F4-A98B-F2D6AE325EA9","IsDeleted":false,"IsACLProtected":true},{"Properties":{"domain":"MEGABANK.LOCAL","name":"POLICIES@MEGABANK.LOCAL","distinguishedname":"CN=POLICIES,CN=SYSTEM,DC=MEGABANK,DC=LOCAL","domainsid":"S-1-5-21-1392959593-3013219662-3596683436","highvalue":false},"ChildObjects":[],"Aces":[{"PrincipalSID":"S-1-5-21-1392959593-3013219662-3596683436-512","PrincipalType":"Group","RightName":"Owns","IsInherited":false},{"PrincipalSID":"S-1-5-21-1392959593-3013219662-3596683436-512","PrincipalType":"Group","RightName":"WriteDacl","IsInherited":false},{"PrincipalSID":"S-1-5-21-1392959593-3013219662-3596683436-512","PrincipalType":"Group","RightName":"WriteOwner","IsInherited":false},{"PrincipalSID":"S-1-5-21-1392959593-3013219662-3596683436-519","PrincipalType":"Group","RightName":"GenericAll","IsInherited":true},{"PrincipalSID":"MEGABANK.LOCAL-S-1-5-32-544","PrincipalType":"Group","RightName":"WriteDacl","IsInherited":true},{"PrincipalSID":"MEGABANK.LOCAL-S-1-5-32-544","PrincipalType":"Group","RightName":"WriteOwner","IsInherited":true}],"ObjectIdentifier":"79CD25D1-91D8-469F-AB68-2BE541C2F795","IsDeleted":false,"IsACLProtected":false},{"Properties":{"domain":"MEGABANK.LOCAL","name":"RPCSERVICES@MEGABANK.LOCAL","distinguishedname":"CN=RPCSERVICES,CN=SYSTEM,DC=MEGABANK,DC=LOCAL","domainsid":"S-1-5-21-1392959593-3013219662-3596683436","highvalue":false},"ChildObjects":[],"Aces":[{"PrincipalSID":"S-1-5-21-1392959593-3013219662-3596683436-512","PrincipalType":"Group","RightName":"Owns","IsInherited":false},{"PrincipalSID":"S-1-5-21-1392959593-3013219662-3596683436-512","PrincipalType":"Group","RightName":"WriteDacl","IsInherited":false},{"PrincipalSID":"S-1-5-21-1392959593-3013219662-3596683436-512","PrincipalType":"Group","RightName":"WriteOwner","IsInherited":false},{"PrincipalSID":"S-1-5-21-1392959593-3013219662-3596683436-519","PrincipalType":"Group","RightName":"GenericAll","IsInherited":true},{"PrincipalSID":"MEGABANK.LOCAL-S-1-5-32-544","PrincipalType":"Group","RightName":"WriteDacl","IsInherited":true},{"PrincipalSID":"MEGABANK.LOCAL-S-1-5-32-544","PrincipalType":"Group","RightName":"WriteOwner","IsInherited":true}],"ObjectIdentifier":"C1E4561A-8C40-4EC8-B995-70BB8B17DA05","IsDeleted":false,"IsACLProtected":false},{"Properties":{"domain":"MEGABANK.LOCAL","name":"RAS AND IAS SERVERS ACCESS CHECK@MEGABANK.LOCAL","distinguishedname":"CN=RAS AND IAS SERVERS ACCESS CHECK,CN=SYSTEM,DC=MEGABANK,DC=LOCAL","domainsid":"S-1-5-21-1392959593-3013219662-3596683436","highvalue":false},"ChildObjects":[],"Aces":[{"PrincipalSID":"S-1-5-21-1392959593-3013219662-3596683436-512","PrincipalType":"Group","RightName":"Owns","IsInherited":false},{"PrincipalSID":"S-1-5-21-1392959593-3013219662-3596683436-553","PrincipalType":"Group","RightName":"WriteDacl","IsInherited":false},{"PrincipalSID":"S-1-5-21-1392959593-3013219662-3596683436-553","PrincipalType":"Group","RightName":"WriteOwner","IsInherited":false},{"PrincipalSID":"S-1-5-21-1392959593-3013219662-3596683436-519","PrincipalType":"Group","RightName":"GenericAll","IsInherited":true},{"PrincipalSID":"MEGABANK.LOCAL-S-1-5-32-544","PrincipalType":"Group","RightName":"WriteDacl","IsInherited":true},{"PrincipalSID":"MEGABANK.LOCAL-S-1-5-32-544","PrincipalType":"Group","RightName":"WriteOwner","IsInherited":true}],"ObjectIdentifier":"939A4589-6862-4220-90E1-16916D0F0686","IsDeleted":false,"IsACLProtected":false},{"Properties":{"domain":"MEGABANK.LOCAL","name":"SYSTEM@MEGABANK.LOCAL","distinguishedname":"CN=SYSTEM,DC=MEGABANK,DC=LOCAL","domainsid":"S-1-5-21-1392959593-3013219662-3596683436","highvalue":false},"ChildObjects":[],"Aces":[{"PrincipalSID":"S-1-5-21-1392959593-3013219662-3596683436-512","PrincipalType":"Group","RightName":"Owns","IsInherited":false},{"PrincipalSID":"S-1-5-21-1392959593-3013219662-3596683436-512","PrincipalType":"Group","RightName":"WriteDacl","IsInherited":false},{"PrincipalSID":"S-1-5-21-1392959593-3013219662-3596683436-512","PrincipalType":"Group","RightName":"WriteOwner","IsInherited":false},{"PrincipalSID":"S-1-5-21-1392959593-3013219662-3596683436-519","PrincipalType":"Group","RightName":"GenericAll","IsInherited":true},{"PrincipalSID":"MEGABANK.LOCAL-S-1-5-32-544","PrincipalType":"Group","RightName":"WriteDacl","IsInherited":true},{"PrincipalSID":"MEGABANK.LOCAL-S-1-5-32-544","PrincipalType":"Group","RightName":"WriteOwner","IsInherited":true}],"ObjectIdentifier":"40F9D21F-0E49-4FF5-BF31-0AD83FBC4504","IsDeleted":false,"IsACLProtected":false},{"Properties":{"domain":"MEGABANK.LOCAL","name":"MICROSOFT@MEGABANK.LOCAL","distinguishedname":"CN=MICROSOFT,CN=PROGRAM DATA,DC=MEGABANK,DC=LOCAL","domainsid":"S-1-5-21-1392959593-3013219662-3596683436","highvalue":false},"ChildObjects":[],"Aces":[{"PrincipalSID":"S-1-5-21-1392959593-3013219662-3596683436-512","PrincipalType":"Group","RightName":"Owns","IsInherited":false},{"PrincipalSID":"S-1-5-21-1392959593-3013219662-3596683436-512","PrincipalType":"Group","RightName":"GenericAll","IsInherited":false},{"PrincipalSID":"S-1-5-21-1392959593-3013219662-3596683436-519","PrincipalType":"Group","RightName":"GenericAll","IsInherited":true},{"PrincipalSID":"MEGABANK.LOCAL-S-1-5-32-544","PrincipalType":"Group","RightName":"WriteDacl","IsInherited":true},{"PrincipalSID":"MEGABANK.LOCAL-S-1-5-32-544","PrincipalType":"Group","RightName":"WriteOwner","IsInherited":true}],"ObjectIdentifier":"30CA5855-3E6B-4037-A918-EA7E5ECFFFD5","IsDeleted":false,"IsACLProtected":false},{"Properties":{"domain":"MEGABANK.LOCAL","name":"PSPS@MEGABANK.LOCAL","distinguishedname":"CN=PSPS,CN=SYSTEM,DC=MEGABANK,DC=LOCAL","domainsid":"S-1-5-21-1392959593-3013219662-3596683436","highvalue":false},"ChildObjects":[],"Aces":[{"PrincipalSID":"S-1-5-21-1392959593-3013219662-3596683436-512","PrincipalType":"Group","RightName":"Owns","IsInherited":false},{"PrincipalSID":"S-1-5-21-1392959593-3013219662-3596683436-512","PrincipalType":"Group","RightName":"GenericAll","IsInherited":false},{"PrincipalSID":"S-1-5-21-1392959593-3013219662-3596683436-519","PrincipalType":"Group","RightName":"GenericAll","IsInherited":true},{"PrincipalSID":"MEGABANK.LOCAL-S-1-5-32-544","PrincipalType":"Group","RightName":"WriteDacl","IsInherited":true},{"PrincipalSID":"MEGABANK.LOCAL-S-1-5-32-544","PrincipalType":"Group","RightName":"WriteOwner","IsInherited":true}],"ObjectIdentifier":"943E11EB-E980-457A-B96B-296A9CCB4D02","IsDeleted":false,"IsACLProtected":false},{"Properties":{"domain":"MEGABANK.LOCAL","name":"POLICYTYPE@MEGABANK.LOCAL","distinguishedname":"CN=POLICYTYPE,CN=WMIPOLICY,CN=SYSTEM,DC=MEGABANK,DC=LOCAL","domainsid":"S-1-5-21-1392959593-3013219662-3596683436","highvalue":false},"ChildObjects":[],"Aces":[{"PrincipalSID":"S-1-5-21-1392959593-3013219662-3596683436-512","PrincipalType":"Group","RightName":"Owns","IsInherited":false},{"PrincipalSID":"S-1-5-21-1392959593-3013219662-3596683436-512","PrincipalType":"Group","RightName":"WriteDacl","IsInherited":false},{"PrincipalSID":"S-1-5-21-1392959593-3013219662-3596683436-512","PrincipalType":"Group","RightName":"WriteOwner","IsInherited":false},{"PrincipalSID":"S-1-5-21-1392959593-3013219662-3596683436-519","PrincipalType":"Group","RightName":"GenericAll","IsInherited":true},{"PrincipalSID":"S-1-5-21-1392959593-3013219662-3596683436-512","PrincipalType":"Group","RightName":"GenericAll","IsInherited":true}],"ObjectIdentifier":"490F4921-BC1D-495F-8A36-F1ED45EE0F74","IsDeleted":false,"IsACLProtected":false},{"Properties":{"domain":"MEGABANK.LOCAL","name":"POLICYTEMPLATE@MEGABANK.LOCAL","distinguishedname":"CN=POLICYTEMPLATE,CN=WMIPOLICY,CN=SYSTEM,DC=MEGABANK,DC=LOCAL","domainsid":"S-1-5-21-1392959593-3013219662-3596683436","highvalue":false},"ChildObjects":[],"Aces":[{"PrincipalSID":"S-1-5-21-1392959593-3013219662-3596683436-512","PrincipalType":"Group","RightName":"Owns","IsInherited":false},{"PrincipalSID":"S-1-5-21-1392959593-3013219662-3596683436-512","PrincipalType":"Group","RightName":"WriteDacl","IsInherited":false},{"PrincipalSID":"S-1-5-21-1392959593-3013219662-3596683436-512","PrincipalType":"Group","RightName":"WriteOwner","IsInherited":false},{"PrincipalSID":"S-1-5-21-1392959593-3013219662-3596683436-519","PrincipalType":"Group","RightName":"GenericAll","IsInherited":true},{"PrincipalSID":"S-1-5-21-1392959593-3013219662-3596683436-512","PrincipalType":"Group","RightName":"GenericAll","IsInherited":true}],"ObjectIdentifier":"880C2515-B3C7-457F-8A25-D8D8CB36F8FD","IsDeleted":false,"IsACLProtected":false},{"Properties":{"domain":"MEGABANK.LOCAL","name":"ADMINSDHOLDER@MEGABANK.LOCAL","distinguishedname":"CN=ADMINSDHOLDER,CN=SYSTEM,DC=MEGABANK,DC=LOCAL","domainsid":"S-1-5-21-1392959593-3013219662-3596683436","highvalue":false},"ChildObjects":[],"Aces":[{"PrincipalSID":"S-1-5-21-1392959593-3013219662-3596683436-512","PrincipalType":"Group","RightName":"Owns","IsInherited":false},{"PrincipalSID":"MEGABANK.LOCAL-S-1-5-32-544","PrincipalType":"Group","RightName":"WriteDacl","IsInherited":false},{"PrincipalSID":"MEGABANK.LOCAL-S-1-5-32-544","PrincipalType":"Group","RightName":"WriteOwner","IsInherited":false},{"PrincipalSID":"S-1-5-21-1392959593-3013219662-3596683436-512","PrincipalType":"Group","RightName":"WriteDacl","IsInherited":false},{"PrincipalSID":"S-1-5-21-1392959593-3013219662-3596683436-512","PrincipalType":"Group","RightName":"WriteOwner","IsInherited":false},{"PrincipalSID":"S-1-5-21-1392959593-3013219662-3596683436-519","PrincipalType":"Group","RightName":"WriteDacl","IsInherited":false},{"PrincipalSID":"S-1-5-21-1392959593-3013219662-3596683436-519","PrincipalType":"Group","RightName":"WriteOwner","IsInherited":false}],"ObjectIdentifier":"9BF7000F-FA04-4F66-B0AF-C3A6D20754C4","IsDeleted":false,"IsACLProtected":true},{"Properties":{"domain":"MEGABANK.LOCAL","name":"COMPARTITIONSETS@MEGABANK.LOCAL","distinguishedname":"CN=COMPARTITIONSETS,CN=SYSTEM,DC=MEGABANK,DC=LOCAL","domainsid":"S-1-5-21-1392959593-3013219662-3596683436","highvalue":false},"ChildObjects":[],"Aces":[{"PrincipalSID":"S-1-5-21-1392959593-3013219662-3596683436-512","PrincipalType":"Group","RightName":"Owns","IsInherited":false},{"PrincipalSID":"S-1-5-21-1392959593-3013219662-3596683436-512","PrincipalType":"Group","RightName":"WriteDacl","IsInherited":false},{"PrincipalSID":"S-1-5-21-1392959593-3013219662-3596683436-512","PrincipalType":"Group","RightName":"WriteOwner","IsInherited":false},{"PrincipalSID":"S-1-5-21-1392959593-3013219662-3596683436-519","PrincipalType":"Group","RightName":"GenericAll","IsInherited":true},{"PrincipalSID":"MEGABANK.LOCAL-S-1-5-32-544","PrincipalType":"Group","RightName":"WriteDacl","IsInherited":true},{"PrincipalSID":"MEGABANK.LOCAL-S-1-5-32-544","PrincipalType":"Group","RightName":"WriteOwner","IsInherited":true}],"ObjectIdentifier":"EC1F3AB4-B359-4064-9E55-8FB65070EB50","IsDeleted":false,"IsACLProtected":false},{"Properties":{"domain":"MEGABANK.LOCAL","name":"MANAGED SERVICE ACCOUNTS@MEGABANK.LOCAL","distinguishedname":"CN=MANAGED SERVICE ACCOUNTS,DC=MEGABANK,DC=LOCAL","domainsid":"S-1-5-21-1392959593-3013219662-3596683436","highvalue":false},"ChildObjects":[],"Aces":[{"PrincipalSID":"S-1-5-21-1392959593-3013219662-3596683436-512","PrincipalType":"Group","RightName":"Owns","IsInherited":false},{"PrincipalSID":"S-1-5-21-1392959593-3013219662-3596683436-512","PrincipalType":"Group","RightName":"WriteDacl","IsInherited":false},{"PrincipalSID":"S-1-5-21-1392959593-3013219662-3596683436-512","PrincipalType":"Group","RightName":"WriteOwner","IsInherited":false},{"PrincipalSID":"S-1-5-21-1392959593-3013219662-3596683436-519","PrincipalType":"Group","RightName":"GenericAll","IsInherited":true},{"PrincipalSID":"MEGABANK.LOCAL-S-1-5-32-544","PrincipalType":"Group","RightName":"WriteDacl","IsInherited":true},{"PrincipalSID":"MEGABANK.LOCAL-S-1-5-32-544","PrincipalType":"Group","RightName":"WriteOwner","IsInherited":true}],"ObjectIdentifier":"5CA0EC93-9D8F-425D-80FE-8E5DD33415CE","IsDeleted":false,"IsACLProtected":false},{"Properties":{"domain":"MEGABANK.LOCAL","name":"PROGRAM DATA@MEGABANK.LOCAL","distinguishedname":"CN=PROGRAM DATA,DC=MEGABANK,DC=LOCAL","domainsid":"S-1-5-21-1392959593-3013219662-3596683436","highvalue":false},"ChildObjects":[],"Aces":[{"PrincipalSID":"S-1-5-21-1392959593-3013219662-3596683436-512","PrincipalType":"Group","RightName":"Owns","IsInherited":false},{"PrincipalSID":"S-1-5-21-1392959593-3013219662-3596683436-512","PrincipalType":"Group","RightName":"GenericAll","IsInherited":false},{"PrincipalSID":"S-1-5-21-1392959593-3013219662-3596683436-519","PrincipalType":"Group","RightName":"GenericAll","IsInherited":true},{"PrincipalSID":"MEGABANK.LOCAL-S-1-5-32-544","PrincipalType":"Group","RightName":"WriteDacl","IsInherited":true},{"PrincipalSID":"MEGABANK.LOCAL-S-1-5-32-544","PrincipalType":"Group","RightName":"WriteOwner","IsInherited":true}],"ObjectIdentifier":"CED5275F-09FD-435F-B60E-6938B4E19A81","IsDeleted":false,"IsACLProtected":false},{"Properties":{"domain":"MEGABANK.LOCAL","name":"COMPUTERS@MEGABANK.LOCAL","distinguishedname":"CN=COMPUTERS,DC=MEGABANK,DC=LOCAL","domainsid":"S-1-5-21-1392959593-3013219662-3596683436","highvalue":false},"ChildObjects":[{"ObjectIdentifier":"S-1-5-21-1392959593-3013219662-3596683436-1104","ObjectType":"Computer"}],"Aces":[{"PrincipalSID":"S-1-5-21-1392959593-3013219662-3596683436-512","PrincipalType":"Group","RightName":"Owns","IsInherited":false},{"PrincipalSID":"S-1-5-21-1392959593-3013219662-3596683436-512","PrincipalType":"Group","RightName":"WriteDacl","IsInherited":false},{"PrincipalSID":"S-1-5-21-1392959593-3013219662-3596683436-512","PrincipalType":"Group","RightName":"WriteOwner","IsInherited":false},{"PrincipalSID":"S-1-5-21-1392959593-3013219662-3596683436-519","PrincipalType":"Group","RightName":"GenericAll","IsInherited":true},{"PrincipalSID":"MEGABANK.LOCAL-S-1-5-32-544","PrincipalType":"Group","RightName":"WriteDacl","IsInherited":true},{"PrincipalSID":"MEGABANK.LOCAL-S-1-5-32-544","PrincipalType":"Group","RightName":"WriteOwner","IsInherited":true}],"ObjectIdentifier":"41E2C5FF-1215-45BE-9CA1-488358AD5808","IsDeleted":false,"IsACLProtected":false},{"Properties":{"domain":"MEGABANK.LOCAL","name":"FOREIGNSECURITYPRINCIPALS@MEGABANK.LOCAL","distinguishedname":"CN=FOREIGNSECURITYPRINCIPALS,DC=MEGABANK,DC=LOCAL","domainsid":"S-1-5-21-1392959593-3013219662-3596683436","highvalue":false},"ChildObjects":[],"Aces":[{"PrincipalSID":"S-1-5-21-1392959593-3013219662-3596683436-512","PrincipalType":"Group","RightName":"Owns","IsInherited":false},{"PrincipalSID":"S-1-5-21-1392959593-3013219662-3596683436-512","PrincipalType":"Group","RightName":"GenericAll","IsInherited":false},{"PrincipalSID":"S-1-5-21-1392959593-3013219662-3596683436-519","PrincipalType":"Group","RightName":"GenericAll","IsInherited":true},{"PrincipalSID":"MEGABANK.LOCAL-S-1-5-32-544","PrincipalType":"Group","RightName":"WriteDacl","IsInherited":true},{"PrincipalSID":"MEGABANK.LOCAL-S-1-5-32-544","PrincipalType":"Group","RightName":"WriteOwner","IsInherited":true}],"ObjectIdentifier":"34D72428-0CE5-467B-9F90-0963F6F91EEB","IsDeleted":false,"IsACLProtected":false},{"Properties":{"domain":"MEGABANK.LOCAL","name":"COMPARTITIONS@MEGABANK.LOCAL","distinguishedname":"CN=COMPARTITIONS,CN=SYSTEM,DC=MEGABANK,DC=LOCAL","domainsid":"S-1-5-21-1392959593-3013219662-3596683436","highvalue":false},"ChildObjects":[],"Aces":[{"PrincipalSID":"S-1-5-21-1392959593-3013219662-3596683436-512","PrincipalType":"Group","RightName":"Owns","IsInherited":false},{"PrincipalSID":"S-1-5-21-1392959593-3013219662-3596683436-512","PrincipalType":"Group","RightName":"WriteDacl","IsInherited":false},{"PrincipalSID":"S-1-5-21-1392959593-3013219662-3596683436-512","PrincipalType":"Group","RightName":"WriteOwner","IsInherited":false},{"PrincipalSID":"S-1-5-21-1392959593-3013219662-3596683436-519","PrincipalType":"Group","RightName":"GenericAll","IsInherited":true},{"PrincipalSID":"MEGABANK.LOCAL-S-1-5-32-544","PrincipalType":"Group","RightName":"WriteDacl","IsInherited":true},{"PrincipalSID":"MEGABANK.LOCAL-S-1-5-32-544","PrincipalType":"Group","RightName":"WriteOwner","IsInherited":true}],"ObjectIdentifier":"835D564E-4405-4C90-9D8C-0E174D2321EB","IsDeleted":false,"IsACLProtected":false},{"Properties":{"domain":"MEGABANK.LOCAL","name":"USERS@MEGABANK.LOCAL","distinguishedname":"CN=USERS,DC=MEGABANK,DC=LOCAL","domainsid":"S-1-5-21-1392959593-3013219662-3596683436","highvalue":false},"ChildObjects":[{"ObjectIdentifier":"S-1-5-21-1392959593-3013219662-3596683436-6602","ObjectType":"User"},{"ObjectIdentifier":"S-1-5-21-1392959593-3013219662-3596683436-500","ObjectType":"User"},{"ObjectIdentifier":"S-1-5-21-1392959593-3013219662-3596683436-571","ObjectType":"Group"},{"ObjectIdentifier":"S-1-5-21-1392959593-3013219662-3596683436-6606","ObjectType":"User"},{"ObjectIdentifier":"S-1-5-21-1392959593-3013219662-3596683436-6614","ObjectType":"User"},{"ObjectIdentifier":"S-1-5-21-1392959593-3013219662-3596683436-6615","ObjectType":"User"},{"ObjectIdentifier":"S-1-5-21-1392959593-3013219662-3596683436-517","ObjectType":"Group"},{"ObjectIdentifier":"S-1-5-21-1392959593-3013219662-3596683436-6611","ObjectType":"User"},{"ObjectIdentifier":"S-1-5-21-1392959593-3013219662-3596683436-6617","ObjectType":"User"},{"ObjectIdentifier":"S-1-5-21-1392959593-3013219662-3596683436-522","ObjectType":"Group"},{"ObjectIdentifier":"S-1-5-21-1392959593-3013219662-3596683436-503","ObjectType":"User"},{"ObjectIdentifier":"S-1-5-21-1392959593-3013219662-3596683436-572","ObjectType":"Group"},{"ObjectIdentifier":"S-1-5-21-1392959593-3013219662-3596683436-1101","ObjectType":"Group"},{"ObjectIdentifier":"S-1-5-21-1392959593-3013219662-3596683436-1102","ObjectType":"Group"},{"ObjectIdentifier":"S-1-5-21-1392959593-3013219662-3596683436-512","ObjectType":"Group"},{"ObjectIdentifier":"S-1-5-21-1392959593-3013219662-3596683436-515","ObjectType":"Group"},{"ObjectIdentifier":"S-1-5-21-1392959593-3013219662-3596683436-516","ObjectType":"Group"},{"ObjectIdentifier":"S-1-5-21-1392959593-3013219662-3596683436-514","ObjectType":"Group"},{"ObjectIdentifier":"S-1-5-21-1392959593-3013219662-3596683436-513","ObjectType":"Group"},{"ObjectIdentifier":"S-1-5-21-1392959593-3013219662-3596683436-519","ObjectType":"Group"},{"ObjectIdentifier":"S-1-5-21-1392959593-3013219662-3596683436-527","ObjectType":"Group"},{"ObjectIdentifier":"S-1-5-21-1392959593-3013219662-3596683436-498","ObjectType":"Group"},{"ObjectIdentifier":"S-1-5-21-1392959593-3013219662-3596683436-6607","ObjectType":"User"},{"ObjectIdentifier":"S-1-5-21-1392959593-3013219662-3596683436-6605","ObjectType":"User"},{"ObjectIdentifier":"S-1-5-21-1392959593-3013219662-3596683436-520","ObjectType":"Group"},{"ObjectIdentifier":"S-1-5-21-1392959593-3013219662-3596683436-501","ObjectType":"User"},{"ObjectIdentifier":"S-1-5-21-1392959593-3013219662-3596683436-6608","ObjectType":"User"},{"ObjectIdentifier":"S-1-5-21-1392959593-3013219662-3596683436-526","ObjectType":"Group"},{"ObjectIdentifier":"S-1-5-21-1392959593-3013219662-3596683436-502","ObjectType":"User"},{"ObjectIdentifier":"S-1-5-21-1392959593-3013219662-3596683436-6603","ObjectType":"User"},{"ObjectIdentifier":"S-1-5-21-1392959593-3013219662-3596683436-10101","ObjectType":"User"},{"ObjectIdentifier":"S-1-5-21-1392959593-3013219662-3596683436-10104","ObjectType":"User"},{"ObjectIdentifier":"S-1-5-21-1392959593-3013219662-3596683436-6612","ObjectType":"User"},{"ObjectIdentifier":"S-1-5-21-1392959593-3013219662-3596683436-6616","ObjectType":"User"},{"ObjectIdentifier":"S-1-5-21-1392959593-3013219662-3596683436-525","ObjectType":"Group"},{"ObjectIdentifier":"S-1-5-21-1392959593-3013219662-3596683436-553","ObjectType":"Group"},{"ObjectIdentifier":"S-1-5-21-1392959593-3013219662-3596683436-521","ObjectType":"Group"},{"ObjectIdentifier":"S-1-5-21-1392959593-3013219662-3596683436-6604","ObjectType":"User"},{"ObjectIdentifier":"S-1-5-21-1392959593-3013219662-3596683436-518","ObjectType":"Group"},{"ObjectIdentifier":"S-1-5-21-1392959593-3013219662-3596683436-10103","ObjectType":"User"},{"ObjectIdentifier":"S-1-5-21-1392959593-3013219662-3596683436-6613","ObjectType":"User"},{"ObjectIdentifier":"S-1-5-21-1392959593-3013219662-3596683436-6610","ObjectType":"User"},{"ObjectIdentifier":"S-1-5-21-1392959593-3013219662-3596683436-6601","ObjectType":"User"},{"ObjectIdentifier":"S-1-5-21-1392959593-3013219662-3596683436-6609","ObjectType":"User"},{"ObjectIdentifier":"S-1-5-21-1392959593-3013219662-3596683436-10102","ObjectType":"User"}],"Aces":[{"PrincipalSID":"S-1-5-21-1392959593-3013219662-3596683436-512","PrincipalType":"Group","RightName":"Owns","IsInherited":false},{"PrincipalSID":"S-1-5-21-1392959593-3013219662-3596683436-512","PrincipalType":"Group","RightName":"WriteDacl","IsInherited":false},{"PrincipalSID":"S-1-5-21-1392959593-3013219662-3596683436-512","PrincipalType":"Group","RightName":"WriteOwner","IsInherited":false},{"PrincipalSID":"S-1-5-21-1392959593-3013219662-3596683436-519","PrincipalType":"Group","RightName":"GenericAll","IsInherited":true},{"PrincipalSID":"MEGABANK.LOCAL-S-1-5-32-544","PrincipalType":"Group","RightName":"WriteDacl","IsInherited":true},{"PrincipalSID":"MEGABANK.LOCAL-S-1-5-32-544","PrincipalType":"Group","RightName":"WriteOwner","IsInherited":true}],"ObjectIdentifier":"D00ED52A-80E0-4198-81D6-3002CDFAB7CF","IsDeleted":false,"IsACLProtected":false}],"meta":{"methods":29695,"type":"containers","count":21,"version":5}}